,gauge,date,total_pr,num_days_pr,1,2,3,4,5,6,7,8,9,10,11,12,13,14,15,16,17,18,19,20,21,22,23,24,25,26,27,28,29,30,31,month,year,new_num_days_pr,20302050_to_19802000_ratio,20402060_to_19802000_ratio,total_pr_scenario,num_days_pr_scenario
0,1843002,01/01/1980,300.2,19,6.511604538075395,6.618352153453681,0.0,3.6294189228616953,0.0,0.0,0.0,0.0,0.0,0.0,9.92752823018052,50.3848744585506,24.765446767762157,49.530893535524314,37.361665382399806,25.726175306166727,8.753304461019383,3.4159236921051255,23.484475383222737,0.0,0.0,0.0,1.4944666152959922,1.4944666152959922,17.506608922038765,3.202428461348555,12.169228153124509,21.45627069103532,0.0,13.02320907615079,0.0,1,1980,19,1.041496308044498,1.0674761537828517,320.4563413656121,19
1,1843002,01/02/1980,160.0,10,0.11170293309815396,4.691523190122466,4.579820257024312,6.031958387300314,0.0,0.0,0.0,0.0,0.0,11.505402109109859,0.0,0.0,0.0,18.09587516190094,0.0,0.11170293309815396,14.521381302760014,9.383046380244933,105.00075711226472,0.0,0.0,2.234058661963079,2.457464528159387,0.0,0.0,0.0,0.0,0.0,0.0,,,2,1980,10,1.105966266412859,1.1170293309815396,178.72469295704633,10
2,1843002,01/03/1980,1.8,0,1.0138149909285097,0.0,0.0,0.0,0.0,0.0,0.0,0.0,0.0,0.0,0.0,0.0,0.0,0.0,0.10138149909285098,0.3041444972785529,0.0,0.4055259963714039,0.0,0.0,0.0,0.0,0.0,0.0,0.0,0.0,0.0,0.0,0.0,0.0,0.0,3,1980,1,1.008389996268373,1.0138149909285097,1.8248669836713176,0
3,1843002,01/04/1980,166.2,13,4.00796040291119,3.2063683223289523,9.218308926695737,0.40079604029111904,0.0,11.422687148296893,7.3145277353129226,23.346369346957683,6.011940604366785,9.017910906550178,24.44855845775826,0.0,37.37423075714685,19.238209933973714,0.0,3.1061693122561724,0.0,7.214328725240143,0.40079604029111904,0.0,0.3005970302183393,0.10019901007277976,0.0,0.0,0.0,0.0,0.0,0.40079604029111904,0.0,0.0,,4,1980,13,0.9994876856325822,1.0019901007277976,166.53075474095996,13
4,1843002,01/05/1980,2.4,1,0.0,0.0,0.0,0.0,0.0,0.0,0.0,0.0,0.0,0.0,0.0,0.0,0.0,1.9398077164099672,0.0,0.0,0.0,0.0,0.2771153880585667,0.0,0.0,0.0,0.0,0.0,0.0,0.0,0.0,0.0,0.0,0.0,0.0,5,1980,1,0.9195167346089351,0.9237179601952225,2.216923104468534,1
5,1843002,01/06/1980,10.1,1,0.0,0.0,0.0,0.0,0.0,0.0,0.0,0.0,0.0,0.0,0.0,0.0,0.0,0.0,0.0,0.0,0.0,0.0,0.0,0.0,0.0,0.0939556195662868,0.0,0.0,0.0,0.0,9.39556195662868,0.0,0.0,0.0,,6,1980,1,0.9526807708403268,0.939556195662868,9.489517576194967,1
6,1843002,01/07/1980,1.0,0,0.0,0.0,0.0,0.0,0.0,0.0,0.0,0.0,0.0,0.0,0.0,0.0,0.0,0.0,0.0,0.0,0.0,0.0,0.0,0.0,0.0,0.0,0.0,0.9630511702964129,0.0,0.0,0.0,0.0,0.0,0.0,0.0,7,1980,1,0.9705055190897932,0.9630511702964129,0.9630511702964129,0
7,1843002,01/08/1980,0.0,0,0.0,0.0,0.0,0.0,0.0,0.0,0.0,0.0,0.0,0.0,0.0,0.0,0.0,0.0,0.0,0.0,0.0,0.0,0.0,0.0,0.0,0.0,0.0,0.0,0.0,0.0,0.0,0.0,0.0,0.0,0.0,8,1980,0,0.8436198517124124,0.8884899446647965,0.0,0
8,1843002,01/09/1980,44.6,3,0.0,0.0,0.0,0.0,0.0,0.0,0.0,0.0,0.0,0.0,0.0,0.0,0.0,0.0,0.0,0.0,0.0,10.526906325798365,5.62506444889989,0.0,0.0,0.0,0.0,0.0,0.0,19.6073675075939,0.0,0.0,0.08035806355571272,0.0,,9,1980,3,0.8519984974172159,0.8035806355571271,35.83969634584787,3
9,1843002,01/10/1980,23.2,2,0.0,0.0,0.0,0.0,0.0,0.0,0.0,0.0,0.0,0.0,0.0,7.544046576411712,11.689127112901664,0.0,0.0,0.0,0.0,0.0,0.0,0.0,0.0,0.0,0.0,0.0,0.0,0.0,0.0,0.0,0.0,0.0,0.0,10,1980,2,0.8582537033878644,0.8290161072979904,19.233173689313375,2
10,1843002,01/11/1980,165.3,10,1.8614338662665932,2.0475772528932525,0.09307169331332966,0.0,0.0,0.0,0.0,0.27921507993998895,7.445735465066373,0.37228677325331866,0.0,38.25246595177849,25.501643967852328,1.8614338662665932,0.0,0.0,0.0,9.679456104586285,0.0,24.38478364809237,0.0,0.0,0.0,1.1168603197599558,13.030037063866153,27.921507993998897,0.0,0.0,0.0,0.0,,11,1980,11,0.9587841836369236,0.9307169331332966,153.8475090469339,10
11,1843002,01/12/1980,198.5,16,2.383795751645926,33.96908946095445,7.052062431952531,2.979744689557408,10.92573052837716,7.9459858388197535,71.71252219534828,0.0,16.885219907491976,2.1851461056754324,20.9575376498871,0.09932482298524692,2.383795751645926,4.966241149262346,1.9864964597049384,0.0,0.0,1.3905475217934569,0.0,0.0,0.0,0.0,0.0,0.0,0.09932482298524692,0.0,0.0,0.0,0.0,4.270967388365618,4.966241149262346,12,1980,16,1.00300144886523,0.9932482298524692,197.15977362571513,16
12,1843002,01/01/1981,199.3,13,44.83399845887977,27.007146690706147,0.10674761537828517,2.1349523075657033,0.0,0.0,0.0,0.0,0.0,48.2499221509849,13.129956691529076,10.888256768585086,4.696895076644548,18.14709461430848,0.3202428461348555,0.0,0.0,0.0,0.0,0.0,0.0,23.697970613979304,4.696895076644548,4.696895076644548,0.0,1.280971384539422,4.376652230509691,4.269904615131407,0.21349523075657034,0.0,0.0,1,1981,14,1.041496308044498,1.0674761537828517,212.74799744892232,13
13,1843002,01/02/1981,40.4,3,30.271494869599724,0.0,0.0,0.0,0.0,0.0,0.0,0.0,0.0,0.0,8.936234647852316,5.9202554542021595,0.0,0.0,0.0,0.0,0.0,0.0,0.0,0.0,0.0,0.0,0.0,0.0,0.0,0.0,0.0,0.0,,,,2,1981,3,1.105966266412859,1.1170293309815396,45.1279849716542,3
14,1843002,01/03/1981,353.5,20,0.0,25.548137771398444,0.0,0.0,0.0,2.4331559782284233,25.649519270491297,29.806160733298185,27.37300475506976,9.124334918356586,15.409987862113347,0.0,3.446970969156933,0.0,0.0,0.0,1.1151964900213607,27.474386254162614,27.37300475506976,2.2303929800427214,29.806160733298185,30.414449727855292,1.2165779891142117,0.0,3.2442079709712313,6.082889945571058,8.516045923799481,50.89351254461119,24.534322780469935,2.2303929800427214,4.460785960085443,3,1981,22,1.008389996268373,1.0138149909285097,358.38359929322826,20
15,1843002,01/04/1981,51.3,3,0.0,1.1021891108005775,0.10019901007277976,0.0,0.0,0.0,0.0,0.0,0.0,0.40079604029111904,0.0,0.0,0.0,0.0,0.0,0.0,0.0,0.0,0.0,0.0,0.0,0.0,0.0,26.352339649141076,0.0,0.0,0.0,4.20835842305675,0.0,19.238209933973714,,4,1981,4,0.9994876856325822,1.0019901007277976,51.402092167336015,3
16,1843002,01/05/1981,10.9,3,0.2771153880585667,0.0,0.0,0.0,0.0,0.0,0.0,0.0,0.0,0.0,0.0,0.0,0.0,0.0,0.0,0.0,0.0,0.0,0.0,2.0321795124294897,0.0,0.09237179601952225,0.0,0.0,1.9398077164099672,0.369487184078089,0.0,0.369487184078089,4.618589800976112,0.369487184078089,0.0,5,1981,3,0.9195167346089351,0.9237179601952225,10.068525766127927,3
17,1843002,01/06/1981,39.5,4,0.0,0.0,0.0,15.972455326268756,0.0,0.0,17.193878380630483,1.879112391325736,0.0,0.0,0.0,0.0,0.0,0.0,0.0,0.0,0.0,0.0,0.0,0.0,2.06702363045831,0.0,0.0,0.0,0.0,0.0,0.0,0.0,0.0,0.0,,6,1981,4,0.9526807708403268,0.939556195662868,37.11246972868329,4
18,1843002,01/07/1981,1.1,0,0.0,0.0,0.0,0.0,0.0,0.0,0.0,0.0,0.0,0.0,0.0,0.0,0.0,0.0,0.0,0.0,1.0593562873260542,0.0,0.0,0.0,0.0,0.0,0.0,0.0,0.0,0.0,0.0,0.0,0.0,0.0,0.0,7,1981,1,0.9705055190897932,0.9630511702964129,1.0593562873260542,0
19,1843002,01/08/1981,48.8,3,0.0,0.08884899446647965,0.0,0.0,0.0,0.0,0.0,0.0,0.0,0.0,0.0,0.0,0.0,0.0,7.46331553518429,0.0,0.0,8.085258496449647,27.720886273541648,0.0,0.0,0.0,0.0,0.0,0.0,0.0,0.0,0.0,0.0,0.0,0.0,8,1981,3,0.8436198517124124,0.8884899446647965,43.358309299642066,3
20,1843002,01/09/1981,5.2,1,0.0,0.0,0.0,0.0,0.0,0.0,0.0,0.0,0.0,0.0,0.0,0.0,0.0,0.0,0.0,0.0,0.0,0.0,0.0,0.0,0.0,0.0,0.0,0.0,0.0,0.0,0.0,4.0179031777856355,0.0,0.16071612711142544,,9,1981,1,0.8519984974172159,0.8035806355571271,4.178619304897061,1
21,1843002,01/10/1981,268.8,17,6.632128858383923,12.683946441659254,5.056998254517741,0.0,0.0,0.0,0.16580322145959808,0.08290161072979904,4.31088375794955,0.0,2.6528515433535693,15.751306038661816,13.264257716767846,0.0,10.031094898305684,17.4922398639876,4.974096643787942,0.0,0.0,8.5388659051693,15.170994763553225,0.0,0.0,0.0,0.0,2.735753154083368,3.3160644291919614,8.455964294439502,53.88604697436937,37.471528049869164,0.16580322145959808,10,1981,17,0.8582537033878644,0.8290161072979904,222.83952964169984,17
22,1843002,01/11/1981,392.8,21,7.7249505450063625,0.9307169331332966,11.168603197599559,0.0,12.285463517359515,0.0,0.0,0.0,0.0,29.876013553578822,9.400241024646295,28.20072307393889,19.54505559579923,6.794233611873065,12.285463517359515,1.954505559579923,1.3030037063866151,38.345537645091824,19.54505559579923,0.0,35.739530232318586,5.863516678739768,26.9907910608656,8.562595784826328,22.337206395199118,3.7228677325331865,23.640210101585733,0.0,0.0,39.36932627153845,,11,1981,22,0.9587841836369236,0.9307169331332966,365.58561133475894,21
23,1843002,01/12/1981,209.8,12,0.0,0.0,25.12918021526747,0.0,0.0,0.0,0.0,0.0,18.871716367196914,34.76368804483642,11.918978758229631,0.0,26.81770220601667,0.0,8.144635484790246,0.0,3.9729929194098768,13.905475217934569,0.0,0.0,0.0,0.0,0.0,0.0,0.0,1.0925730528377162,6.158139025085309,47.675915032918525,8.144635484790246,0.3972992919409877,1.3905475217934569,12,1981,13,1.00300144886523,0.9932482298524692,208.38347862304806,12
24,1843002,01/01/1982,337.2,14,0.4269904615131407,6.511604538075395,3.52267130748341,3.52267130748341,64.0485692269711,43.76652230509692,47.182445997202045,0.0,0.10674761537828517,0.0,0.0,2.348447538322274,33.41200361340326,0.10674761537828517,30.102827536676415,0.21349523075657034,0.0,0.0,16.439132768255917,32.02428461348555,13.877189999177071,0.10674761537828517,0.10674761537828517,49.10390307401118,11.742237691611368,1.0674761537828517,0.0,0.21349523075657034,0.0,0.0,0.0,1,1982,15,1.041496308044498,1.0674761537828517,359.9529590555776,14
25,1843002,01/02/1982,22.8,5,1.4521381302760015,0.11170293309815396,0.0,0.0,0.0,0.0,0.0,0.0,0.0,0.0,0.0,0.0,0.0,0.0,0.0,0.0,0.0,0.0,0.0,0.0,0.0,0.0,7.1489877182818535,0.33510879929446186,4.691523190122466,0.0,4.579820257024312,7.1489877182818535,,,,2,1982,5,1.105966266412859,1.1170293309815396,25.468268746379103,5
26,1843002,01/03/1982,355.5,12,0.0,0.4055259963714039,31.4282647187838,76.03612431963823,0.0,0.0,0.0,49.06864556093987,5.373219451921101,0.20276299818570195,0.0,1.2165779891142117,10.543675905656501,1.2165779891142117,1.1151964900213607,0.0,0.0,21.492877807684405,12.368542889327818,1.2165779891142117,1.2165779891142117,0.0,46.02720058815434,28.792345742369672,30.819975724226694,0.3041444972785529,20.276299818570195,0.0,21.290114809498704,0.0,0.0,3,1982,17,1.008389996268373,1.0138149909285097,360.41122927508525,12
27,1843002,01/04/1982,48.3,5,0.0,0.20039802014555952,0.0,0.0,0.0,2.003980201455595,18.035821813100355,0.0,1.4027861410189166,1.0019901007277976,0.0,0.0,0.0,0.3005970302183393,20.34039904477429,4.00796040291119,1.1021891108005775,0.0,0.0,0.0,0.0,0.0,0.0,0.0,0.0,0.0,0.0,0.0,0.0,0.0,,4,1982,7,0.9994876856325822,1.0019901007277976,48.396121865152615,5
28,1843002,01/05/1982,54.1,5,0.0,3.69487184078089,0.0,0.0,0.0,0.0,0.0,0.2771153880585667,0.0,0.0,0.0,0.0,0.0,0.0,0.0,0.0,0.0,0.0,0.0,8.498205233796046,0.0,0.0,21.522628472548686,0.0,0.0,13.116795034772158,2.8635256766051898,0.0,0.0,0.0,0.0,5,1982,5,0.9195167346089351,0.9237179601952225,49.97314164656154,5
29,1843002,01/06/1982,0.0,0,0.0,0.0,0.0,0.0,0.0,0.0,0.0,0.0,0.0,0.0,0.0,0.0,0.0,0.0,0.0,0.0,0.0,0.0,0.0,0.0,0.0,0.0,0.0,0.0,0.0,0.0,0.0,0.0,0.0,0.0,,6,1982,0,0.9526807708403268,0.939556195662868,0.0,0
30,1843002,01/07/1982,0.0,0,0.0,0.0,0.0,0.0,0.0,0.0,0.0,0.0,0.0,0.0,0.0,0.0,0.0,0.0,0.0,0.0,0.0,0.0,0.0,0.0,0.0,0.0,0.0,0.0,0.0,0.0,0.0,0.0,0.0,0.0,0.0,7,1982,0,0.9705055190897932,0.9630511702964129,0.0,0
31,1843002,01/08/1982,0.0,0,0.0,0.0,0.0,0.0,0.0,0.0,0.0,0.0,0.0,0.0,0.0,0.0,0.0,0.0,0.0,0.0,0.0,0.0,0.0,0.0,0.0,0.0,0.0,0.0,0.0,0.0,0.0,0.0,0.0,0.0,0.0,8,1982,0,0.8436198517124124,0.8884899446647965,0.0,0
32,1843002,01/09/1982,26.9,2,0.0,0.0,0.0,0.0,0.0,0.0,0.0,0.0,0.0,0.0,0.0,0.0,0.0,0.0,0.0,0.0,0.0,9.884041817352664,0.0,0.8035806355571271,0.0,0.0,0.0,0.0,0.0,0.0,0.0,10.68762245290979,0.24107419066713812,0.0,,9,1982,3,0.8519984974172159,0.8035806355571271,21.61631909648672,2
33,1843002,01/10/1982,20.2,4,0.0,0.0,0.8290161072979904,1.7409338253257798,0.0,0.0,0.0,0.0,0.0,0.0,0.0,0.0,0.0,6.7979320798435205,0.0,0.0,0.0,0.0,0.0,3.5647692613813584,0.0,0.0,0.0,0.0,0.0,0.0,0.0,0.0,0.08290161072979904,0.08290161072979904,3.6476708721111577,10,1982,5,0.8582537033878644,0.8290161072979904,16.746125367419403,4
34,1843002,01/11/1982,49.4,7,0.0,10.237886264466264,0.0,0.0,0.0,0.0,0.0,0.0,2.0475772528932525,0.0,0.0,1.0237886264466263,5.677373292113109,2.140648946206582,0.0,7.7249505450063625,2.7921507993998897,14.333040770252769,0.0,0.0,0.0,0.0,0.0,0.0,0.0,0.0,0.0,0.0,0.0,0.0,,11,1982,8,0.9587841836369236,0.9307169331332966,45.977416496784855,7
35,1843002,01/12/1982,127.3,11,0.0,12.9122269880821,8.34328513076074,2.284470928660679,17.183194376447716,0.0,0.09932482298524692,21.156187295857595,6.9527376089672845,0.3972992919409877,0.0,0.0,0.0,0.0,0.0,0.0,0.09932482298524692,0.09932482298524692,0.0,0.09932482298524692,0.0,8.243960307775495,0.0,0.19864964597049384,8.243960307775495,0.0,0.0,0.29797446895574076,5.959489379114816,9.03855889165747,24.83120574631173,12,1982,11,1.00300144886523,0.9932482298524692,126.44049966021933,11
36,1843002,01/01/1983,576.2,22,92.01644445608181,19.21457076809133,7.792575922614817,6.40485692269711,57.85720753503056,124.89470999259365,46.32846507417576,3.4159236921051255,1.174223769161137,0.0,32.23777984424212,10.995004383963373,26.68690384457129,1.174223769161137,56.89647899662599,5.7643712304273995,0.0,1.0674761537828517,6.40485692269711,13.129956691529076,6.725099768831965,0.3202428461348555,18.253842229686764,26.68690384457129,6.40485692269711,26.79365145994958,3.6294189228616953,12.80971384539422,0.0,0.0,0.0,1,1983,25,1.041496308044498,1.0674761537828517,615.0797598096791,22
37,1843002,01/02/1983,152.2,10,0.0,0.44681173239261585,9.383046380244933,5.808552521104006,0.11170293309815396,0.11170293309815396,0.0,10.276669845030163,5.585146654907698,43.564143908280045,32.72895939775911,12.399025573895088,0.11170293309815396,0.0,0.0,0.0,0.0,0.0,0.0,0.0,0.44681173239261585,0.11170293309815396,0.0,0.0,5.808552521104006,0.0,37.197076721685264,5.9202554542021595,,,,2,1983,10,1.105966266412859,1.1170293309815396,170.01186417539031,10
38,1843002,01/03/1983,211.3,17,5.373219451921101,4.258022961899741,38.62635115437622,19.668010824013088,1.1151964900213607,4.258022961899741,0.0,0.0,1.0138149909285097,3.446970969156933,0.3041444972785529,0.0,0.0,33.45589470064082,10.239531408377948,20.479062816755896,0.0,0.0,0.0,21.695640805870106,8.313282925613779,2.2303929800427214,15.207224863927646,0.10138149909285098,0.0,12.46992438842067,2.331774479135572,0.0,6.4884159419424625,0.0,3.1428264718783803,3,1983,19,1.008389996268373,1.0138149909285097,214.2191075831941,17
39,1843002,01/04/1983,121.6,10,1.2023881208733571,0.0,0.0,0.0,0.0,0.0,6.412736644657905,31.061693122561724,2.4047762417467142,10.019901007277976,3.4067663424745116,7.214328725240143,10.420697047569096,0.20039802014555952,38.07562382765631,0.0,0.0,0.0,0.0,0.0,0.0,0.0,9.218308926695737,0.0,0.0,0.0,0.0,2.204378221601155,0.0,0.0,,4,1983,11,0.9994876856325822,1.0019901007277976,121.84199624850021,10
40,1843002,01/05/1983,54.0,4,0.0,0.0,0.0,0.0,0.09237179601952225,0.0,0.0,0.369487184078089,9.606666786030313,0.0,0.0,0.0,0.0,0.0,0.0,0.0,0.09237179601952225,0.0,0.0,0.0,0.0,0.0,0.0,0.0,0.0,21.245513084490117,5.542307761171335,0.0,0.0,12.932051442733114,0.0,5,1983,4,0.9195167346089351,0.9237179601952225,49.88076985054201,4
41,1843002,01/06/1983,0.3,0,0.0,0.0,0.0,0.0,0.0,0.0,0.0,0.0,0.28186685869886036,0.0,0.0,0.0,0.0,0.0,0.0,0.0,0.0,0.0,0.0,0.0,0.0,0.0,0.0,0.0,0.0,0.0,0.0,0.0,0.0,0.0,,6,1983,0,0.9526807708403268,0.939556195662868,0.28186685869886036,0
42,1843002,01/07/1983,9.1,1,0.0,0.0,0.0,0.0,0.0,0.0,0.0,0.0,0.0,0.0,0.0,0.0,0.0,0.0,0.0,0.0,0.0,0.0,0.0,0.0,8.763765649697357,0.0,0.0,0.0,0.0,0.0,0.0,0.0,0.0,0.0,0.0,7,1983,1,0.9705055190897932,0.9630511702964129,8.763765649697357,1
43,1843002,01/08/1983,0.0,0,0.0,0.0,0.0,0.0,0.0,0.0,0.0,0.0,0.0,0.0,0.0,0.0,0.0,0.0,0.0,0.0,0.0,0.0,0.0,0.0,0.0,0.0,0.0,0.0,0.0,0.0,0.0,0.0,0.0,0.0,0.0,8,1983,0,0.8436198517124124,0.8884899446647965,0.0,0
44,1843002,01/09/1983,26.3,1,0.0,0.0,0.0,0.0,0.0,0.0,0.0,0.0,0.0,0.0,0.0,0.0,0.0,0.0,0.0,0.0,0.0,20.16987395248389,0.0,0.0,0.8035806355571271,0.0,0.0,0.0,0.0,0.0,0.0,0.0,0.16071612711142544,0.0,,9,1983,2,0.8519984974172159,0.8035806355571271,21.13417071515244,1
45,1843002,01/10/1983,204.9,12,0.0,0.0,0.0,0.0,0.0,0.0,0.0,0.0,1.1606225502171865,0.0,0.8290161072979904,6.051817583275329,11.689127112901664,16.082912481581012,18.23835436055579,0.0,0.0,17.575141474717395,0.0,15.751306038661816,1.7409338253257798,0.0,5.13989986524754,8.373062683709703,64.91196120143265,1.8238354360555789,0.0,0.08290161072979904,0.08290161072979904,0.08290161072979904,0.2487048321893971,10,1983,13,0.8582537033878644,0.8290161072979904,169.86540038535824,11
46,1843002,01/11/1983,231.5,19,0.37228677325331866,3.1644375726532084,5.677373292113109,4.095154505786505,18.707410355979263,12.471606903986174,0.0,0.0,0.0,1.8614338662665932,1.954505559579923,1.8614338662665932,0.37228677325331866,29.782941860265492,8.562595784826328,18.707410355979263,0.37228677325331866,2.0475772528932525,15.170686010072735,0.0,18.80048204929259,0.9307169331332966,2.7921507993998897,0.0,21.40648946206582,31.085945566652107,0.0,11.354746584226218,3.7228677325331865,0.18614338662665933,,11,1983,20,0.9587841836369236,0.9307169331332966,215.46097002035816,19
47,1843002,01/12/1983,389.3,17,1.0925730528377162,18.17644260630019,49.66241149262346,46.08671786515457,18.971041190182163,47.97388950187426,3.9729929194098768,17.183194376447716,0.29797446895574076,9.932482298524691,0.3972992919409877,35.75693627468889,9.137883714642715,9.237208537627964,0.19864964597049384,1.191897875822963,12.018303581214877,0.0,0.0,0.9932482298524692,0.0,18.07711778331494,0.9932482298524692,12.316278050170618,2.1851461056754324,16.885219907491976,53.933378880989075,0.0,0.0,0.0,0.0,12,1983,21,1.00300144886523,0.9932482298524692,386.67153588156634,17
48,1843002,01/01/1984,146.2,9,0.0,0.4269904615131407,1.4944666152959922,0.0,0.0,0.0,9.820780614802235,67.46449291907622,26.79365145994958,0.0,0.0,0.0,0.0,0.0,0.0,0.0,0.0,0.0,0.0,0.0,0.0,0.0,5.337380768914258,27.11389430608443,2.1349523075657033,6.618352153453681,8.86005207639767,0.0,0.0,0.0,0.0,1,1984,9,1.041496308044498,1.0674761537828517,156.0650136830529,9
49,1843002,01/02/1984,62.3,3,0.0,0.0,0.0,0.0,0.0,0.0,0.0,0.33510879929446186,0.0,0.0,0.0,0.0,0.0,0.0,0.0,0.0,0.11170293309815396,34.96301805972219,0.0,0.11170293309815396,28.26084207383295,0.0,0.0,0.0,0.0,5.808552521104006,0.0,0.0,0.0,,,2,1984,3,1.105966266412859,1.1170293309815396,69.59092732014992,3
50,1843002,01/03/1984,301.5,12,0.0,0.0,0.0,0.0,0.0,0.3041444972785529,14.193409872999135,65.08692241761032,16.221039854856155,0.4055259963714039,8.211901426520928,0.0,90.22953419263736,1.0138149909285097,0.0,0.0,0.0,0.0,0.0,18.451432834898874,0.0,8.211901426520928,26.561952762326953,2.2303929800427214,0.0,0.0,11.55749089658501,36.497339673426346,0.0,0.4055259963714039,6.082889945571058,3,1984,13,1.008389996268373,1.0138149909285097,305.6652197649457,12
51,1843002,01/04/1984,10.0,3,0.20039802014555952,0.0,3.4067663424745116,0.0,4.00796040291119,0.0,2.104179211528375,0.0,0.0,0.0,0.0,0.0,0.3005970302183393,0.0,0.0,0.0,0.0,0.0,0.0,0.0,0.0,0.0,0.0,0.0,0.0,0.0,0.0,0.0,0.0,0.0,,4,1984,3,0.9994876856325822,1.0019901007277976,10.019901007277976,3
52,1843002,01/05/1984,0.0,0,0.0,0.0,0.0,0.0,0.0,0.0,0.0,0.0,0.0,0.0,0.0,0.0,0.0,0.0,0.0,0.0,0.0,0.0,0.0,0.0,0.0,0.0,0.0,0.0,0.0,0.0,0.0,0.0,0.0,0.0,0.0,5,1984,0,0.9195167346089351,0.9237179601952225,0.0,0
53,1843002,01/06/1984,1.0,0,0.0,0.0,0.0,0.939556195662868,0.0,0.0,0.0,0.0,0.0,0.0,0.0,0.0,0.0,0.0,0.0,0.0,0.0,0.0,0.0,0.0,0.0,0.0,0.0,0.0,0.0,0.0,0.0,0.0,0.0,0.0,,6,1984,1,0.9526807708403268,0.939556195662868,0.939556195662868,0
54,1843002,01/07/1984,0.0,0,0.0,0.0,0.0,0.0,0.0,0.0,0.0,0.0,0.0,0.0,0.0,0.0,0.0,0.0,0.0,0.0,0.0,0.0,0.0,0.0,0.0,0.0,0.0,0.0,0.0,0.0,0.0,0.0,0.0,0.0,0.0,7,1984,0,0.9705055190897932,0.9630511702964129,0.0,0
55,1843002,01/08/1984,20.3,2,0.0,0.0,0.0,0.0,0.0,0.0,0.0,0.0,0.0,0.0,0.0,0.0,0.0,0.0,0.0,0.0,12.70540620870659,0.0,0.0,0.0,0.0,0.0,0.0,0.0,0.0,0.0,0.0,0.0,5.330939667988779,0.0,0.0,8,1984,2,0.8436198517124124,0.8884899446647965,18.036345876695368,2
56,1843002,01/09/1984,89.4,6,0.0,0.0,0.0,0.0,0.0,0.0,0.0,0.0,7.312583783569856,0.0,0.0,0.0,0.0,0.16071612711142544,0.0,0.0,5.62506444889989,19.52700944403819,0.0,0.8035806355571271,29.16997707072371,1.7678773982256797,7.473299910681282,0.0,0.0,0.0,0.0,0.0,0.0,0.0,,9,1984,7,0.8519984974172159,0.8035806355571271,71.84010881880715,6
57,1843002,01/10/1984,120.3,7,0.0,0.0,0.0,0.0,0.0,0.0,0.0,0.0,0.0,0.0,0.0,0.0,0.0,0.0,0.0,0.0,0.0,0.9948193287575884,4.974096643787942,8.290161072979904,41.450805364899516,5.803112751085933,13.595864159687041,0.0,11.606225502171865,12.683946441659254,0.33160644291919616,0.0,0.0,0.0,0.0,10,1984,8,0.8582537033878644,0.8290161072979904,99.73063770794825,7
58,1843002,01/11/1984,181.0,11,0.0,0.0,0.0,0.0,0.0,0.0,0.0,0.0,0.0,0.0,0.0,8.469524091513,13.402323837119472,0.0,0.0,0.0,0.0,0.0,1.2099320130732856,29.969085246892153,60.49660065366428,2.7921507993998897,9.307169331332966,1.8614338662665932,0.0,0.0,0.37228677325331866,9.307169331332966,13.21618045049281,18.055908502785954,,11,1984,11,0.9587841836369236,0.9307169331332966,168.45976489712666,10
59,1843002,01/12/1984,401.9,21,25.923778799149446,21.156187295857595,29.002848311692098,31.783943355279014,18.17644260630019,4.966241149262346,21.95078587973957,3.277719158513148,37.74343273439383,19.169690836152657,0.0,8.144635484790246,17.08386955346247,1.0925730528377162,26.12242844511994,44.994144812316854,11.124380174347655,0.0,5.16489079523284,0.0,0.0,24.135931985415002,0.0,0.0,0.0,0.0,9.03855889165747,12.117628404200124,1.191897875822963,21.85146105675432,3.9729929194098768,12,1984,23,1.00300144886523,0.9932482298524692,399.1864635777074,21
60,1843002,01/01/1985,517.0,27,0.3202428461348555,17.293113691282198,24.55195153700559,1.280971384539422,0.10674761537828517,33.51875122878154,3.4159236921051255,29.248846613650134,14.197432845311928,24.872194383140446,45.26098892039291,5.444128384292543,13.983937614555357,91.05571591767725,53.37380768914258,32.45127507499869,17.399861306660483,15.158161383716493,2.1349523075657033,9.607285384045666,18.253842229686764,2.1349523075657033,12.80971384539422,8.966799691775954,5.337380768914258,21.349523075657032,19.4280659988479,7.792575922614817,5.7643712304273995,15.264908999094779,0.10674761537828517,1,1985,28,1.041496308044498,1.0674761537828517,551.8851715057343,27
61,1843002,01/02/1985,96.5,9,0.11170293309815396,0.22340586619630792,0.0,0.0,0.0,0.33510879929446186,34.96301805972219,1.4521381302760015,0.0,9.159640514048624,0.0,10.053263978833856,0.0,0.0,0.0,0.0,0.0,0.0,0.0,0.0,0.0,1.4521381302760015,34.85131512662403,3.6861967922390804,0.0,0.33510879929446186,7.819205316870777,3.3510879929446187,,,,2,1985,9,1.105966266412859,1.1170293309815396,107.79333043971856,9
62,1843002,01/03/1985,159.7,14,1.3179594882070627,0.0,0.0,0.0,0.0,0.0,0.0,0.4055259963714039,30.414449727855292,13.179594882070626,2.1290114809498704,2.1290114809498704,7.502230932870972,2.1290114809498704,0.0,4.156641462806889,0.0,25.750900769584145,6.082889945571058,5.069074954642549,0.0,0.0,1.3179594882070627,0.0,0.0,0.0,0.0,9.225716417449437,0.4055259963714039,50.69074954642549,0.0,3,1985,14,1.008389996268373,1.0138149909285097,161.90625405128299,14
63,1843002,01/04/1985,51.4,3,0.0,0.0,0.0,0.0,23.045772316739345,0.0,0.0,0.0,1.1021891108005775,2.104179211528375,0.0,0.0,0.0,0.0,0.0,0.20039802014555952,0.0,0.0,25.04975251819494,0.0,0.0,0.0,0.0,0.0,0.0,0.0,0.0,0.0,0.0,0.0,,4,1985,4,0.9994876856325822,1.0019901007277976,51.50229117740879,3
64,1843002,01/05/1985,45.3,4,0.0,3.048269268644234,6.743141109425124,2.0321795124294897,1.0160897562147448,0.0,0.0,0.0,0.0,0.0,0.0,28.635256766051896,0.369487184078089,0.0,0.0,0.0,0.0,0.0,0.0,0.0,0.0,0.0,0.0,0.0,0.0,0.0,0.0,0.0,0.0,0.0,0.0,5,1985,5,0.9195167346089351,0.9237179601952225,41.844423596843576,4
65,1843002,01/06/1985,7.3,1,0.0,0.0,0.0,0.0,0.0,0.0,0.0,0.0,0.0,0.0,0.0,0.0,0.0,0.0,0.0,0.0,0.0,0.0,0.0,0.0,0.0,0.0,0.0,0.0,0.0,0.0,0.0,0.0,0.0,6.858760228338936,,6,1985,1,0.9526807708403268,0.939556195662868,6.858760228338936,1
66,1843002,01/07/1985,0.1,0,0.0,0.0,0.0,0.0,0.0,0.0,0.0,0.0,0.0,0.0,0.0,0.0,0.0,0.0,0.0,0.0,0.0,0.0,0.0,0.0,0.0,0.0,0.0,0.0,0.0,0.0,0.0,0.0,0.0,0.0,0.09630511702964129,7,1985,0,0.9705055190897932,0.9630511702964129,0.09630511702964129,0
67,1843002,01/08/1985,7.8,3,1.243885922530715,0.0,0.0,0.26654698339943894,0.0,0.0,0.0,0.0,0.0,0.0,0.0,0.0,0.0,0.0,0.0,0.0,0.0,0.0,3.553959778659186,0.0,0.0,0.0,1.8658288837960726,0.0,0.0,0.0,0.0,0.0,0.0,0.0,0.0,8,1985,3,0.8436198517124124,0.8884899446647965,6.930221568385412,2
68,1843002,01/09/1985,136.3,6,0.0,0.0,0.0,0.0,0.0,0.0,19.6073675075939,0.0,0.0,0.0,0.0,0.0,0.0,0.0,0.0,0.0,0.0,0.0,0.0,0.0,0.0,0.0,0.0,37.2861414898507,25.23243195649379,0.24107419066713812,0.3214322542228509,6.589361211568442,14.625167567139712,5.62506444889989,,9,1985,6,0.8519984974172159,0.8035806355571271,109.52804062643644,6
69,1843002,01/10/1985,85.4,9,13.512962548957244,0.2487048321893971,1.6580322145959807,0.0,0.0,0.0,0.0,0.16580322145959808,5.8860143618157315,0.0,0.0,0.0,0.0,0.0,0.0,0.0,5.96891597254553,20.145091407341166,0.0,0.0,0.0,8.5388659051693,0.0,0.0,5.8860143618157315,0.0,1.8238354360555789,0.0,0.0,0.0,6.963735301303119,10,1985,9,0.8582537033878644,0.8290161072979904,70.79797556324839,9
70,1843002,01/11/1985,252.1,13,0.27921507993998895,10.237886264466264,1.0237886264466263,10.517101344406253,4.932799745606472,2.140648946206582,13.21618045049281,0.0,0.0,0.0,0.0,0.0,0.0,0.0,0.0,0.0,0.0,0.0,0.0,0.0,0.0,0.0,45.60512972353153,1.954505559579923,16.75290479639934,20.475772528932527,47.65270697642479,36.29796039219857,18.614338662665933,4.932799745606472,,11,1985,14,0.9587841836369236,0.9307169331332966,234.63373884290408,13
71,1843002,01/12/1985,226.5,14,16.09062132361,0.0,0.0,0.0,11.124380174347655,18.17644260630019,0.0,0.0,0.0,0.0,0.0,0.3972992919409877,0.0,0.9932482298524692,5.16489079523284,7.151387254937778,7.9459858388197535,39.729929194098766,0.0,0.0,0.0,26.12242844511994,9.932482298524691,4.17164256538037,24.036607162429753,17.183194376447716,1.191897875822963,23.837957516459262,0.9932482298524692,10.32978159046568,0.3972992919409877,12,1985,17,1.00300144886523,0.9932482298524692,224.97072406158426,14
72,1843002,01/01/1986,370.9,16,32.23777984424212,60.09890745797455,60.20565507335283,0.21349523075657034,8.753304461019383,18.467337460443336,28.92860376751528,66.61051199604994,8.966799691775954,46.22171745879747,0.3202428461348555,5.7643712304273995,1.174223769161137,24.658699152383875,16.11888992212106,0.0,0.0,0.0,0.0,0.0,0.0,0.0,0.0,0.0,0.0,0.0,0.0,2.4551951537005587,4.483399845887977,2.4551951537005587,7.792575922614817,1,1986,17,1.041496308044498,1.0674761537828517,395.92690543805975,16
73,1843002,01/02/1986,100.2,8,0.0,0.0,0.0,25.69167461257541,20.329933823864017,8.154314116165239,1.1170293309815396,2.569167461257541,0.33510879929446186,0.0,0.0,0.0,18.09587516190094,0.33510879929446186,0.0,21.44696315484556,0.11170293309815396,7.037284785183699,6.702175985889237,0.0,0.0,0.0,0.0,0.0,0.0,0.0,0.0,0.0,,,,2,1986,9,1.105966266412859,1.1170293309815396,111.92633896435026,8
74,1843002,01/03/1986,39.2,4,0.0,15.207224863927646,0.0,0.20276299818570195,0.0,0.0,0.0,0.0,0.0,0.0,0.0,0.0,0.0,0.0,0.0,0.0,0.0,1.0138149909285097,0.0,0.0,4.359404460992591,1.4193409872999134,0.0,0.0,0.0,0.0,0.0,17.538999343063217,0.0,0.0,0.0,3,1986,5,1.008389996268373,1.0138149909285097,39.74154764439758,4
75,1843002,01/04/1986,32.6,3,0.0,0.0,0.0,0.0,0.0,0.0,0.0,0.0,0.0,0.0,0.0,0.0,0.0,0.0,0.0,0.0,24.04776241746714,0.0,0.0,0.0,0.0,0.0,0.0,6.212338624512345,0.10019901007277976,0.10019901007277976,2.204378221601155,0.0,0.0,0.0,,4,1986,3,0.9994876856325822,1.0019901007277976,32.6648772837262,3
76,1843002,01/05/1986,20.2,4,0.0,0.0,0.0,0.0,0.0,0.0,3.048269268644234,0.09237179601952225,0.0,0.0,0.0,2.216923104468534,0.0,11.454102706420759,0.0,0.0,0.0,0.0,0.0,0.0,1.2932051442733115,0.2771153880585667,0.0,0.0,0.2771153880585667,0.0,0.0,0.0,0.0,0.0,0.0,5,1986,4,0.9195167346089351,0.9237179601952225,18.659102795943493,4
77,1843002,01/06/1986,4.5,1,0.939556195662868,0.0,0.0,0.0,0.0,0.0,0.0,0.0,0.0,0.0,0.0,3.194491065253751,0.0939556195662868,0.0,0.0,0.0,0.0,0.0,0.0,0.0,0.0,0.0,0.0,0.0,0.0,0.0,0.0,0.0,0.0,0.0,,6,1986,2,0.9526807708403268,0.939556195662868,4.228002880482905,1
78,1843002,01/07/1986,24.2,2,0.0,0.0,0.0,0.0,0.0,0.0,0.0,0.0,0.0,0.0,0.0,0.0,0.0,0.0,0.0,0.0,0.0,0.0,0.0,0.0,0.0,0.0,0.0,21.283430863550727,2.022407457622467,0.0,0.0,0.0,0.0,0.0,0.0,7,1986,2,0.9705055190897932,0.9630511702964129,23.305838321173194,2
79,1843002,01/08/1986,33.9,6,0.0,0.9773389391312762,0.0,0.0,0.0,0.0,0.0,0.0,0.0,0.0,0.0,0.0,0.0,0.0,0.0,0.0,0.0,0.0,0.0,3.020865811860308,0.0,13.327349169971948,1.1550369280642354,0.0,2.1323758671955115,7.374466540717811,2.1323758671955115,0.0,0.0,0.0,0.0,8,1986,7,0.8436198517124124,0.8884899446647965,30.1198091241366,5
80,1843002,01/09/1986,5.6,2,0.0,0.0,0.0,0.0,0.0,0.0,0.0,0.0,0.0,0.0,0.0,0.0,0.0,0.0,2.571458033782807,0.0,0.0,0.0,0.0,0.0,0.0,0.0,0.0,0.0,0.0,0.0,0.0,0.0,0.0,1.928593525337105,,9,1986,2,0.8519984974172159,0.8035806355571271,4.500051559119912,2
81,1843002,01/10/1986,26.7,2,0.0,0.0,0.0,0.0,0.0,0.0,0.0,0.0,0.0,0.0,0.0,5.803112751085933,0.2487048321893971,0.0,0.0,0.0,0.0,0.0,0.0,0.0,0.0,0.0,16.082912481581012,0.0,0.0,0.0,0.0,0.0,0.0,0.0,0.0,10,1986,2,0.8582537033878644,0.8290161072979904,22.134730064856342,2
82,1843002,01/11/1986,133.2,11,0.0,0.0,1.954505559579923,0.0,0.0,0.0,13.21618045049281,0.0,0.0,0.0,0.0,22.337206395199118,45.04669956365156,6.515018531933077,0.9307169331332966,0.0,2.0475772528932525,1.3030037063866151,0.0,0.0,0.0,0.0,0.0,0.0,0.0,0.27921507993998895,2.9782941860265493,4.932799745606472,11.168603197599559,11.26167489091289,,11,1986,12,0.9587841836369236,0.9307169331332966,123.9714954933551,11
83,1843002,01/12/1986,330.1,15,0.3972992919409877,0.3972992919409877,0.29797446895574076,0.0,0.0,0.0,0.0,16.09062132361,0.0,0.3972992919409877,1.9864964597049384,109.65460457571261,60.78679166697112,33.77043981498395,5.959489379114816,13.110876634052593,0.0,0.0,0.0,0.0,0.0,0.0,4.270967388365618,14.898723447787038,2.1851461056754324,20.858212826901852,1.0925730528377162,15.09737309375753,6.356788671055803,11.124380174347655,9.137883714642715,12,1986,16,1.00300144886523,0.9932482298524692,327.87124067430017,15
84,1843002,01/01/1987,225.3,13,18.574085075821618,0.0,0.0,2.1349523075657033,0.0,0.0,0.0,0.0,0.0,0.0,0.0,0.0,0.0,0.0,0.0,0.0,2.1349523075657033,6.831847384210251,34.15923692105125,50.49162207392888,40.77758907450494,0.0,8.646556845641099,17.079618460525626,8.539809230262813,10.674761537828516,7.792575922614817,0.0,32.23777984424212,0.4269904615131407,0.0,1,1987,13,1.041496308044498,1.0674761537828517,240.50237744727647,13
85,1843002,01/02/1987,6.2,1,0.0,0.0,0.0,0.0,0.0,0.0,0.0,0.0,0.0,0.0,6.702175985889237,0.22340586619630792,0.0,0.0,0.0,0.0,0.0,0.0,0.0,0.0,0.0,0.0,0.0,0.0,0.0,0.0,0.0,0.0,,,,2,1987,1,1.105966266412859,1.1170293309815396,6.925581852085545,1
86,1843002,01/03/1987,128.9,8,0.0,0.0,0.0,0.0,0.0,0.0,5.271837952828251,5.069074954642549,8.313282925613779,7.2994679346852696,13.48373937934918,75.02230932870971,6.2856529437567605,1.2165779891142117,0.0,0.0,0.0,1.0138149909285097,0.0,0.0,1.2165779891142117,6.4884159419424625,0.0,0.0,0.0,0.0,0.0,0.0,0.0,0.0,0.0,3,1987,11,1.008389996268373,1.0138149909285097,130.68075233068487,8
87,1843002,01/04/1987,184.6,6,1.2023881208733571,0.0,0.0,57.113435741484466,75.14925755458482,34.06766342474512,8.31651783604072,0.0,2.3045772316739344,0.0,0.0,0.0,0.0,0.0,0.0,0.0,0.40079604029111904,0.0,0.0,0.0,0.0,0.0,0.0,0.0,0.20039802014555952,0.0,0.0,0.0,0.0,6.212338624512345,,4,1987,7,0.9994876856325822,1.0019901007277976,184.96737259435145,6
88,1843002,01/05/1987,18.3,2,6.466025721366557,0.0,0.0,0.0,9.421923193991269,0.0,0.0,0.0,0.0,0.0,0.0,0.0,0.0,0.0,0.0,0.0,0.0,0.0,0.0,0.0,0.0,0.0,0.0,0.0,1.0160897562147448,0.0,0.0,0.0,0.0,0.0,0.0,5,1987,3,0.9195167346089351,0.9237179601952225,16.904038671572568,2
89,1843002,01/06/1987,21.3,2,0.0,0.0,0.0,0.0,0.0939556195662868,0.0939556195662868,0.0,0.0,10.52302939142412,0.0939556195662868,0.0,0.0939556195662868,0.0939556195662868,0.0939556195662868,0.0939556195662868,0.0939556195662868,0.0,0.0939556195662868,0.0939556195662868,0.0,0.0939556195662868,0.0939556195662868,0.0,0.1879112391325736,7.8922720435680915,0.0,0.0939556195662868,0.0,0.0939556195662868,0.0939556195662868,,6,1987,2,0.9526807708403268,0.939556195662868,20.012546967619087,2
90,1843002,01/07/1987,2.9,1,0.09630511702964129,0.09630511702964129,0.09630511702964129,0.09630511702964129,0.0,0.0,0.0,0.09630511702964129,0.09630511702964129,0.0,0.0,0.0,0.0,0.0,0.0,0.0,0.0,0.0,0.0,0.0,0.0,0.0,0.0,0.0,0.0,0.0,0.0,0.0,0.0,0.0,2.2150176916817492,7,1987,1,0.9705055190897932,0.9630511702964129,2.7928483938595967,1
91,1843002,01/08/1987,0.5,0,0.3553959778659186,0.0,0.08884899446647965,0.0,0.0,0.0,0.0,0.0,0.0,0.0,0.0,0.0,0.0,0.0,0.0,0.0,0.0,0.0,0.0,0.0,0.0,0.0,0.0,0.0,0.0,0.0,0.0,0.0,0.0,0.0,0.0,8,1987,0,0.8436198517124124,0.8884899446647965,0.44424497233239824,0
92,1843002,01/09/1987,16.6,4,0.0,0.0,0.0,0.0,0.0,0.0,0.0,0.0,0.16071612711142544,0.0,0.0,0.0,0.0,0.0,0.0,0.0,0.0,0.0,1.687519334669967,0.0,0.0,0.0,4.098261241341348,3.375038669339934,4.0179031777856355,0.0,0.0,0.0,0.0,0.0,,9,1987,4,0.8519984974172159,0.8035806355571271,13.33943855024831,4
93,1843002,01/10/1987,89.5,5,0.0,0.0,0.0,0.0,0.0,0.0,0.0,0.0,0.0,0.0,0.0,0.0,0.0,0.0,0.0,0.0,0.0,0.0,0.0,0.0,0.2487048321893971,25.6994993262377,4.227982147219751,24.95338482966951,0.0,0.0,0.0,0.0,0.0,1.6580322145959807,17.409338253257797,10,1987,5,0.8582537033878644,0.8290161072979904,74.19694160317013,5
94,1843002,01/11/1987,163.1,9,0.0,0.0,0.0,0.0,0.0,0.0,7.7249505450063625,9.493312717959626,0.0,1.0237886264466263,34.622669912558635,0.37228677325331866,0.09307169331332966,1.1168603197599558,0.0,32.85430773960537,30.71365879339879,0.0,9.586384411272956,0.0,0.0,0.0,0.0,0.0,0.0,1.954505559579923,0.0,0.37228677325331866,18.98662543591925,2.8852224927132197,,11,1987,11,0.9587841836369236,0.9307169331332966,151.79993179404067,9
95,1843002,01/12/1987,232.1,18,0.0,14.20344968689031,2.284470928660679,5.959489379114816,14.898723447787038,6.356788671055803,26.02310362213469,9.932482298524691,0.19864964597049384,0.29797446895574076,9.137883714642715,18.07711778331494,1.3905475217934569,18.27576742928543,12.216953227185371,0.0,0.0,0.0,29.002848311692098,24.135931985415002,3.0790695125426546,17.878468137344445,3.0790695125426546,0.9932482298524692,0.0,13.110876634052593,0.0,0.0,0.0,0.0,0.0,12,1987,19,1.00300144886523,0.9932482298524692,230.5329141487581,18
96,1843002,01/01/1988,149.4,11,28.18137045986728,17.293113691282198,0.0,17.079618460525626,8.86005207639767,1.280971384539422,3.52267130748341,27.754379998354143,17.079618460525626,0.3202428461348555,16.225637537499345,0.0,7.792575922614817,0.0,0.0,0.0,0.0,0.0,0.0,0.0,0.0,0.0,0.0,0.0,0.0,0.0,0.0,0.0,0.0,3.4159236921051255,10.674761537828516,1,1988,12,1.041496308044498,1.0674761537828517,159.48093737515805,11
97,1843002,01/02/1988,179.9,12,0.33510879929446186,14.744787168956321,41.33008524631696,1.1170293309815396,6.702175985889237,4.914929056318774,0.0,0.44681173239261585,10.053263978833856,6.702175985889237,41.55349111251328,34.85131512662403,1.1170293309815396,0.0,0.0,0.0,4.579820257024312,22.34058661963079,0.0,0.0,0.0,0.0,0.0,7.9309082499689305,2.234058661963079,0.0,0.0,0.0,0.0,,,2,1988,14,1.105966266412859,1.1170293309815396,200.95357664357894,12
98,1843002,01/03/1988,51.0,4,0.0,0.0,0.0,7.198086435592418,9.327097916542288,18.654195833084575,0.0,0.0,0.0,0.0,0.0,0.0,0.0,0.0,0.0,0.0,0.0,0.0,16.52518435213471,0.0,0.0,0.0,0.0,0.0,0.0,0.0,0.0,0.0,0.0,0.0,0.0,3,1988,4,1.008389996268373,1.0138149909285097,51.70456453735399,4
99,1843002,01/04/1988,110.6,8,2.3045772316739344,0.0,19.238209933973714,0.0,19.037811913828154,18.236219833245915,0.0,0.0,0.0,0.0,0.0,0.0,0.0,19.438607954119274,1.0019901007277976,11.021891108005773,7.114129715167363,13.025871309461369,0.0,0.0,0.0,0.0,0.0,0.0,0.0,0.0,0.0,0.0,0.40079604029111904,0.0,,4,1988,9,0.9994876856325822,1.0019901007277976,110.8201051404944,8
100,1843002,01/05/1988,28.5,2,0.0,0.09237179601952225,0.0,0.0,0.0,0.0,0.0,0.0,0.0,0.0,0.0,0.0,0.0,0.0,0.0,0.0,0.0,0.0,0.09237179601952225,0.2771153880585667,0.0,0.0,0.0,0.0,0.0,0.0,20.321795124294894,0.0,0.0,0.0,5.542307761171335,5,1988,2,0.9195167346089351,0.9237179601952225,26.32596186556384,2
101,1843002,01/06/1988,0.0,0,0.0,0.0,0.0,0.0,0.0,0.0,0.0,0.0,0.0,0.0,0.0,0.0,0.0,0.0,0.0,0.0,0.0,0.0,0.0,0.0,0.0,0.0,0.0,0.0,0.0,0.0,0.0,0.0,0.0,0.0,,6,1988,0,0.9526807708403268,0.939556195662868,0.0,0
102,1843002,01/07/1988,0.0,0,0.0,0.0,0.0,0.0,0.0,0.0,0.0,0.0,0.0,0.0,0.0,0.0,0.0,0.0,0.0,0.0,0.0,0.0,0.0,0.0,0.0,0.0,0.0,0.0,0.0,0.0,0.0,0.0,0.0,0.0,0.0,7,1988,0,0.9705055190897932,0.9630511702964129,0.0,0
103,1843002,01/08/1988,0.4,0,0.0,0.26654698339943894,0.0,0.0,0.0,0.08884899446647965,0.0,0.0,0.0,0.0,0.0,0.0,0.0,0.0,0.0,0.0,0.0,0.0,0.0,0.0,0.0,0.0,0.0,0.0,0.0,0.0,0.0,0.0,0.0,0.0,0.0,8,1988,0,0.8436198517124124,0.8884899446647965,0.3553959778659186,0
104,1843002,01/09/1988,0.0,0,0.0,0.0,0.0,0.0,0.0,0.0,0.0,0.0,0.0,0.0,0.0,0.0,0.0,0.0,0.0,0.0,0.0,0.0,0.0,0.0,0.0,0.0,0.0,0.0,0.0,0.0,0.0,0.0,0.0,0.0,,9,1988,0,0.8519984974172159,0.8035806355571271,0.0,0
105,1843002,01/10/1988,146.0,9,3.3160644291919614,0.0,0.0,0.0,0.0,3.4818676506515596,0.9948193287575884,0.0,0.0,0.0,0.0,0.9948193287575884,2.56994993262377,0.0,0.0,0.0,6.963735301303119,10.196898119765281,0.0,0.0,2.735753154083368,0.0,14.259077045525434,0.0,0.0,0.0,58.11402912158912,17.409338253257797,0.0,0.0,0.0,10,1988,11,0.8582537033878644,0.8290161072979904,121.0363516655066,9
106,1843002,01/11/1988,156.2,13,0.0,0.0,11.540889970852879,4.839728052293142,13.309252143806143,24.291711954779043,10.237886264466264,12.192391824046185,0.0,2.8852224927132197,0.0,0.0,0.0,0.0,0.0,0.0,0.0,0.0,0.0,0.0,5.5843015987997795,3.7228677325331865,13.402323837119472,9.307169331332966,0.0,0.0,17.03211987633933,17.03211987633933,0.0,0.0,,11,1988,13,0.9587841836369236,0.9307169331332966,145.37798495542094,13
107,1843002,01/12/1988,440.6,17,0.0,2.085821282690185,40.723177423951235,0.0,10.230456767480433,0.0,0.0,0.0,0.0,0.19864964597049384,7.151387254937778,10.92573052837716,1.191897875822963,11.918978758229631,50.65565972247593,34.76368804483642,78.66525980431557,15.19669791674278,0.29797446895574076,3.9729929194098768,5.16489079523284,92.37208537627963,2.284470928660679,2.1851461056754324,12.9122269880821,54.72797746487105,0.0,0.0,0.0,0.0,0.0,12,1988,18,1.00300144886523,0.9932482298524692,437.62517007299795,17
108,1843002,01/01/1991,335.6,21,0.0,0.0,0.0,1.921457076809133,12.80971384539422,5.123885538157688,11.955732922367938,0.0,6.938594999588536,24.765446767762157,7.472333076479962,41.7383176129095,16.33238515287763,16.11888992212106,5.7643712304273995,26.580156229193005,26.473408613814723,86.57231607178926,3.3091760767268403,0.5337380768914258,0.0,0.0,11.101751999341658,0.5337380768914258,2.348447538322274,0.8539809230262814,18.253842229686764,9.71403299942395,14.197432845311928,6.618352153453681,0.21349523075657034,1,1991,21,1.041496308044498,1.0674761537828517,358.2449972095249,21
109,1843002,01/02/1991,226.9,12,0.0,0.0,0.0,0.0,0.0,0.0,0.0,0.0,1.4521381302760015,0.0,1.1170293309815396,0.0,7.595799450674469,0.0,22.228883686532637,0.8936234647852317,43.564143908280045,0.22340586619630792,22.34058661963079,8.936234647852316,32.5055535315628,2.345761595061233,0.0,50.26631989416928,6.478770119692929,0.0,49.14929056318774,4.356414390828004,,,,2,1991,13,1.105966266412859,1.1170293309815396,253.45395519971137,12
110,1843002,01/03/1991,99.6,5,1.5207224863927644,0.0,0.0,0.0,0.0,0.0,0.0,0.0,0.0,0.0,0.0,0.0,1.2165779891142117,0.0,0.0,0.0,0.0,0.0,0.10138149909285098,0.0,0.0,8.211901426520928,13.48373937934918,55.962587499253736,20.276299818570195,0.0,0.0,0.0,0.20276299818570195,0.0,0.0,3,1991,6,1.008389996268373,1.0138149909285097,100.97597309647956,5
111,1843002,01/04/1991,26.5,5,5.911741594294006,1.302587130946137,9.218308926695737,0.0,0.0,0.0,0.0,0.0,0.0,0.0,0.0,0.0,0.0,2.8055722820378333,0.0,0.0,0.0,0.0,0.0,0.0,0.0,0.0,0.0,0.0,0.0,0.0,0.0,7.3145277353129226,0.0,0.0,,4,1991,5,0.9994876856325822,1.0019901007277976,26.552737669286635,5
112,1843002,01/05/1991,31.9,2,0.0,0.0,0.0,0.0,0.0,0.0,0.0,0.0,0.0,0.0,0.0,0.0,0.0,0.0,0.0,0.0,0.0,2.4016666965075784,0.0,1.108461552234267,25.864102885466227,0.0,0.0,0.0,0.0,0.0,0.0,0.0,0.0,0.09237179601952225,0.0,5,1991,3,0.9195167346089351,0.9237179601952225,29.466602930227594,2
113,1843002,01/06/1991,3.0,1,0.0,0.0,0.0,0.0,0.0,0.0,2.818668586988604,0.0,0.0,0.0,0.0,0.0,0.0,0.0,0.0,0.0,0.0,0.0,0.0,0.0,0.0,0.0,0.0,0.0,0.0,0.0,0.0,0.0,0.0,0.0,,6,1991,1,0.9526807708403268,0.939556195662868,2.818668586988604,1
114,1843002,01/07/1991,8.6,1,0.0,0.0,0.0,0.0,0.0,0.0,0.0,0.0,0.0,0.0,0.0,0.0,0.0,0.0,0.0,0.674135819207489,0.0,0.0,0.0,0.0,0.0,0.0,0.0,0.0,0.0,0.0,0.0,0.0,0.4815255851482064,6.645053075045249,0.4815255851482064,7,1991,1,0.9705055190897932,0.9630511702964129,8.282240064549152,1
115,1843002,01/08/1991,2.2,0,0.0,0.0,0.0,0.0,0.0,0.0,0.0,0.0,0.0,0.0,0.0,0.0,0.0,0.0,0.5330939667988779,0.0,0.0,0.0,0.0,0.08884899446647965,0.8884899446647965,0.0,0.0,0.44424497233239824,0.0,0.0,0.0,0.0,0.0,0.0,0.0,8,1991,1,0.8436198517124124,0.8884899446647965,1.9546778782625522,0
116,1843002,01/09/1991,6.6,1,0.0,0.0,0.0,0.0,0.0,0.0,0.0,0.0,0.0,0.0,0.0,0.0,0.0,0.0,0.3214322542228509,4.982199940454188,0.0,0.0,0.0,0.0,0.0,0.0,0.0,0.0,0.0,0.0,0.0,0.0,0.0,0.0,,9,1991,1,0.8519984974172159,0.8035806355571271,5.303632194677038,1
117,1843002,01/10/1991,1.4,1,0.0,0.0,0.0,0.0,0.0,0.0,0.0,0.0,0.0,0.0,0.0,0.0,0.0,0.0,0.0,0.0,0.0,0.0,1.1606225502171865,0.0,0.0,0.0,0.0,0.0,0.0,0.0,0.0,0.0,0.0,0.0,0.0,10,1991,1,0.8582537033878644,0.8290161072979904,1.1606225502171865,0
118,1843002,01/11/1991,139.7,15,0.27921507993998895,6.049660065366428,0.0,4.839728052293142,2.140648946206582,0.0,0.27921507993998895,13.21618045049281,5.7704449854264395,23.91942518152572,1.0237886264466263,0.18614338662665933,0.7445735465066373,14.239969076939438,2.8852224927132197,1.3960753996999449,13.21618045049281,13.21618045049281,8.655667478139659,0.0,14.146897383626108,0.0,0.0,1.954505559579923,1.4891470930132746,0.0,0.0,0.0,0.0,0.37228677325331866,,11,1991,16,0.9587841836369236,0.9307169331332966,130.02115555872155,15
119,1843002,01/12/1991,246.7,21,4.767591503291852,7.9459858388197535,1.3905475217934569,1.3905475217934569,0.09932482298524692,5.959489379114816,19.864964597049383,11.819653935244384,0.7945985838819754,3.7743432734393827,4.767591503291852,0.0,2.979744689557408,8.939234068672222,33.77043981498395,0.0,8.939234068672222,20.858212826901852,0.0,0.0,6.058814202100062,0.0,0.29797446895574076,0.0,2.1851461056754324,0.0,39.729929194098766,7.151387254937778,15.991296500624756,5.760839733144321,29.797446895574076,12,1991,21,1.00300144886523,0.9932482298524692,245.03433830460418,21
120,1843002,01/01/1992,279.1,15,0.9607285384045665,6.511604538075395,0.0,0.4269904615131407,27.861127613732428,15.051413768338207,0.0,0.640485692269711,10.781509153206802,14.197432845311928,4.803642692022833,0.0,10.781509153206802,26.68690384457129,32.02428461348555,34.26598453642954,3.4159236921051255,10.995004383963373,4.376652230509691,0.3202428461348555,0.5337380768914258,7.792575922614817,17.72010415279534,,,,,,,,,1,1992,15,1.041496308044498,1.0674761537828517,230.14785875558286,15
121,1843002,01/02/1992,108.0,3,,,,,,,,,,,,,0.0,0.0,0.0,1.0053263978833857,1.3404351971778474,0.0,0.0,0.0,0.0,0.0,0.0,0.0,0.0,0.0,8.824531714754164,5.36174078871139,5.808552521104006,,,2,1992,4,1.105966266412859,1.1170293309815396,22.34058661963079,4
122,1843002,01/03/1992,31.8,4,9.732623912913693,0.20276299818570195,2.331774479135572,17.032091847598963,0.0,0.0,0.0,0.0,0.0,0.0,0.0,0.0,0.0,0.0,0.0,0.0,0.0,0.0,0.0,2.940063473692678,0.0,0.0,0.0,0.0,0.0,0.0,0.0,0.0,0.0,0.0,0.0,3,1992,4,1.008389996268373,1.0138149909285097,32.239316711526605,4
123,1843002,01/04/1992,67.0,7,0.0,0.0,0.0,0.0,0.0,0.0,3.5069653525472915,11.522886158369673,0.0,0.0,0.0,0.0,0.0,15.631045571353642,9.218308926695737,18.937612903755372,0.0,0.0,0.0,0.0,0.0,3.5069653525472915,0.0,0.0,1.2023881208733571,0.0,3.6071643626200713,0.0,0.0,0.0,,4,1992,8,0.9994876856325822,1.0019901007277976,67.13333674876245,7
124,1843002,01/05/1992,11.4,2,0.0,0.0,0.0,0.0,0.0,2.4016666965075784,8.128718049717959,0.0,0.0,0.0,0.0,0.0,0.0,0.0,0.0,0.0,0.0,0.0,0.0,0.0,0.0,0.0,0.0,0.0,0.0,0.0,0.0,0.0,0.0,0.0,0.0,5,1992,2,0.9195167346089351,0.9237179601952225,10.530384746225536,2
125,1843002,01/06/1992,4.1,1,0.0,0.0,0.0,0.0,0.0,0.0,0.0,0.0,0.0,0.0,0.0,0.0,0.0,0.0,0.0,0.0,0.0,0.0,0.0,3.570313543518898,0.0,0.28186685869886036,0.0,0.0,0.0,0.0,0.0,0.0,0.0,0.0,,6,1992,1,0.9526807708403268,0.939556195662868,3.8521804022177584,1
126,1843002,01/07/1992,0.0,0,0.0,0.0,0.0,0.0,0.0,0.0,0.0,0.0,0.0,0.0,0.0,0.0,0.0,0.0,0.0,0.0,0.0,0.0,0.0,0.0,0.0,0.0,0.0,0.0,0.0,0.0,0.0,0.0,0.0,0.0,0.0,7,1992,0,0.9705055190897932,0.9630511702964129,0.0,0
127,1843002,01/08/1992,2.7,1,0.0,0.0,0.0,0.0,0.0,0.0,0.0,0.0,0.0,0.0,0.0,0.0,0.0,0.0,0.0,0.0,0.0,0.0,0.0,0.0,0.0,0.0,2.3989228505949507,0.0,0.0,0.0,0.0,0.0,0.0,0.0,0.0,8,1992,1,0.8436198517124124,0.8884899446647965,2.3989228505949507,1
128,1843002,01/09/1992,66.3,7,0.0,0.0,0.0,5.62506444889989,0.0,18.482354617813925,5.62506444889989,0.0,0.0,0.0,0.0,0.0,0.0,0.0,0.0,10.526906325798365,1.1250128897799778,0.0,9.241177308906963,0.0,0.0,0.0,0.0,0.0,0.0,0.0,2.4107419066713813,0.24107419066713812,0.0,0.0,,9,1992,7,0.8519984974172159,0.8035806355571271,53.27739613743753,6
129,1843002,01/10/1992,151.2,12,0.0,22.549238118505336,12.02073355582086,0.0,10.113996509035482,4.145080536489952,14.507781877714832,3.7305724828409565,8.787570737358697,0.7461144965681913,0.0,0.0,0.0,0.0,0.0,0.0,0.0,0.0,0.0,0.0,7.544046576411712,0.0,0.0,3.1502612077323633,0.0,0.0,0.0,0.2487048321893971,3.1502612077323633,21.057009125368953,13.595864159687041,10,1992,12,0.8582537033878644,0.8290161072979904,125.34723542345614,12
130,1843002,01/11/1992,242.9,13,55.191514134804486,0.18614338662665933,7.073448691813054,42.254548764251666,34.06423975267866,21.034202688812506,7.073448691813054,1.1168603197599558,1.1168603197599558,4.095154505786505,6.142731758679758,0.0,0.0,0.0,0.0,0.0,2.9782941860265493,0.18614338662665933,28.666081540505537,0.0,0.0,0.0,0.0,0.0,0.0,1.3030037063866151,7.259592078439714,6.328875145306417,0.0,0.0,,11,1992,15,0.9587841836369236,0.9307169331332966,226.07114305807775,13
131,1843002,01/12/1992,273.1,18,3.9729929194098768,9.137883714642715,7.350036900908273,0.0,0.0,1.191897875822963,37.14748379648235,20.858212826901852,1.9864964597049384,24.036607162429753,13.706825571964076,31.883268178264263,0.0,0.0,17.679818491373954,13.110876634052593,33.37314052304296,6.9527376089672845,1.9864964597049384,30.19474618751506,0.0,0.0,0.0,0.0,0.0,9.535183006583704,4.568941857321358,0.0,2.58244539761642,0.0,0.0,12,1992,19,1.00300144886523,0.9932482298524692,271.2560915727093,18
132,1843002,01/01/1993,150.6,9,0.0,0.0,19.00107553733476,0.0,4.9103903074011175,2.9889332305919845,0.0,10.247771076315376,0.0,0.0,0.0,0.0,0.0,0.0,0.0,0.0,0.0,0.0,0.0,48.2499221509849,18.360589845065046,42.48555092055749,12.169228153124509,2.348447538322274,0.0,0.0,0.0,0.0,0.0,0.0,0.0,1,1993,9,1.041496308044498,1.0674761537828517,160.76190875969746,9
133,1843002,01/02/1993,121.4,10,27.925733274538487,25.021457013986485,2.457464528159387,0.0,0.0,0.0,0.0,0.0,0.0,0.0,2.234058661963079,5.138334922515082,5.138334922515082,8.712828781656007,0.0,3.5744938591409268,0.0,0.0,0.0,0.0,0.0,0.0,15.861816499937861,39.5428383167465,0.0,0.0,0.0,0.0,,,,2,1993,10,1.105966266412859,1.1170293309815396,135.6073607811589,10
134,1843002,01/03/1993,37.3,2,0.0,0.0,0.0,0.0,0.0,0.0,0.0,0.0,0.0,3.041444972785529,0.0,0.0,0.0,0.0,33.55727619973367,0.0,0.0,0.0,0.0,0.0,0.0,0.0,0.0,0.0,0.0,1.2165779891142117,0.0,0.0,0.0,0.0,0.0,3,1993,3,1.008389996268373,1.0138149909285097,37.81529916163341,2
135,1843002,01/04/1993,101.5,7,0.0,0.0,0.0,46.291942653624254,0.0,7.715323775604042,0.0,21.64298617572043,3.0059703021833926,15.631045571353642,0.0,0.0,0.0,0.0,0.0,1.2023881208733571,0.0,0.0,0.0,0.0,0.0,0.0,0.0,0.0,0.0,4.00796040291119,0.0,0.0,2.204378221601155,0.0,,4,1993,8,0.9994876856325822,1.0019901007277976,101.70199522387146,7
136,1843002,01/05/1993,20.6,2,0.0,0.0,0.0,16.442179691474962,0.9237179601952225,0.0,0.0,0.0,0.0,0.0,0.0,0.0,0.0,0.0,0.0,0.0,0.0,0.0,0.0,0.0,0.0,0.0,0.0,0.0,0.0,0.0,0.0,0.0,0.0,0.0,1.6626923283514004,5,1993,3,0.9195167346089351,0.9237179601952225,19.028589980021586,2
137,1843002,01/06/1993,0.0,0,0.0,0.0,0.0,0.0,0.0,0.0,0.0,0.0,0.0,0.0,0.0,0.0,0.0,0.0,0.0,0.0,0.0,0.0,0.0,0.0,0.0,0.0,0.0,0.0,0.0,0.0,0.0,0.0,0.0,0.0,,6,1993,0,0.9526807708403268,0.939556195662868,0.0,0
138,1843002,01/07/1993,0.0,0,0.0,0.0,0.0,0.0,0.0,0.0,0.0,0.0,0.0,0.0,0.0,0.0,0.0,0.0,0.0,0.0,0.0,0.0,0.0,0.0,0.0,0.0,0.0,0.0,0.0,0.0,0.0,0.0,0.0,0.0,0.0,7,1993,0,0.9705055190897932,0.9630511702964129,0.0,0
139,1843002,01/08/1993,5.6,1,0.0,0.0,0.0,0.0,0.0,0.0,0.0,0.0,0.0,0.0,0.0,0.0,0.0,0.0,0.0,0.0,0.0,0.0,0.0,0.0,0.0,0.0,0.0,0.0,4.97554369012286,0.0,0.0,0.0,0.0,0.0,0.0,8,1993,1,0.8436198517124124,0.8884899446647965,4.97554369012286,1
140,1843002,01/09/1993,93.4,7,0.0,0.0,0.0,0.0,0.0,0.0,0.0,0.0,0.0,0.0,0.0,0.0,0.0,0.0,0.0,0.0,0.0,0.0,0.0,0.0,0.0,3.85718705067421,2.0893096524485304,38.25043825251925,23.303838431156684,1.4464451440028288,0.0,1.928593525337105,0.0,4.178619304897061,,9,1993,7,0.8519984974172159,0.8035806355571271,75.05443136103565,7
141,1843002,01/10/1993,107.8,5,0.0,24.87048321893971,0.0,0.0,0.0,0.0,0.0,0.0,0.0,0.0,0.0,0.0,0.0,0.0,0.0,0.0,0.0,0.0,0.0,0.0,0.0,0.0,0.0,26.52851543353569,4.31088375794955,31.171005634404438,2.487048321893971,0.0,0.0,0.0,0.0,10,1993,5,0.8582537033878644,0.8290161072979904,89.36793636672336,5
142,1843002,01/11/1993,96.2,10,0.0,0.0,8.934882558079646,1.675290479639934,0.0,13.402323837119472,0.0,3.536724345906527,0.0,0.0,0.0,0.0,0.0,0.0,0.0,0.0,0.0,15.077614316759405,6.515018531933077,7.818022238319692,0.0,0.0,0.0,0.0,0.0,19.54505559579923,2.6060074127732302,0.0,0.0,10.424029651092921,,11,1993,10,0.9587841836369236,0.9307169331332966,89.53496896742313,10
143,1843002,01/12/1993,327.8,18,11.124380174347655,0.0,0.0,0.0,0.0,3.9729929194098768,0.0,0.0,13.110876634052593,33.17449087707247,3.9729929194098768,7.548686546878765,0.0,2.979744689557408,0.0,24.632556100341237,1.191897875822963,0.0,3.9729929194098768,5.16489079523284,23.24200857854778,64.5611349404105,25.8244539761642,8.939234068672222,0.0,0.0,3.9729929194098768,0.0,47.07996609500704,2.7810950435869137,38.339381672305315,12,1993,19,1.00300144886523,0.9932482298524692,325.5867697456394,18
144,1843002,01/01/1994,280.4,20,18.787580306578192,16.439132768255917,0.0,21.349523075657032,16.012142306742774,30.9568084597027,2.9889332305919845,2.561942769078844,1.280971384539422,1.921457076809133,24.338456306249018,6.831847384210251,8.966799691775954,0.0,2.348447538322274,2.1349523075657033,5.7643712304273995,47.60943645871519,3.842914153618266,0.0,0.0,22.203503998683317,0.0,27.754379998354143,16.012142306742774,1.280971384539422,0.0,17.933599383551908,0.0,0.0,0.0,1,1994,22,1.041496308044498,1.0674761537828517,299.32031352071164,20
145,1843002,01/02/1994,59.6,3,0.0,0.0,0.0,0.0,0.0,0.0,0.0,0.0,0.0,0.0,0.0,0.0,0.0,8.4894229154597,0.0,0.0,0.0,0.0,0.0,0.0,0.0,0.0,0.0,0.0,0.0,0.0,34.62790926042773,23.45761595061233,,,,2,1994,3,1.105966266412859,1.1170293309815396,66.57494812649975,3
146,1843002,01/03/1994,346.8,16,8.921571920170885,39.94431064258328,34.064183695197926,11.354727898399307,11.55749089658501,30.21168672966959,31.2255017205981,18.248669836713173,1.4193409872999134,0.0,0.0,0.0,10.138149909285097,1.8248669836713174,39.94431064258328,0.0,9.327097916542288,1.0138149909285097,0.0,32.239316711526605,8.110519927428077,0.0,0.0,0.0,0.0,0.0,0.0,60.828899455710584,0.0,1.2165779891142117,0.0,3,1994,18,1.008389996268373,1.0138149909285097,351.5910388540072,16
147,1843002,01/04/1994,85.8,8,10.220299027423534,20.84139409513819,1.8035821813100357,0.0,0.0,0.0,0.0,39.27801194852967,0.0,0.0,0.0,0.0,0.0,0.0,0.0,1.8035821813100357,4.8095524834934285,0.0,1.6031841611644762,5.6111445640756665,0.0,0.0,0.0,0.0,0.0,0.0,0.0,0.0,0.0,0.0,,4,1994,8,0.9994876856325822,1.0019901007277976,85.97075064244504,8
148,1843002,01/05/1994,15.6,4,0.0,0.0,0.0,0.0,0.0,0.0,0.0,0.0,0.0,0.0,0.0,0.0,0.0,0.0,0.0,0.0,0.0,0.0,0.0,0.0,3.8796154328199344,2.7711538805856675,1.2932051442733115,0.0,0.0,0.0,6.466025721366557,0.0,0.0,0.0,0.0,5,1994,4,0.9195167346089351,0.9237179601952225,14.410000179045472,4
149,1843002,01/06/1994,1.0,0,0.0,0.0,0.0,0.0,0.0,0.0,0.0,0.0,0.0,0.0,0.0,0.0,0.0,0.0,0.0,0.0,0.0,0.0,0.0,0.0,0.0,0.0,0.0,0.0,0.939556195662868,0.0,0.0,0.0,0.0,0.0,,6,1994,1,0.9526807708403268,0.939556195662868,0.939556195662868,0
150,1843002,01/07/1994,0.0,0,0.0,0.0,0.0,0.0,0.0,0.0,0.0,0.0,0.0,0.0,0.0,0.0,0.0,0.0,0.0,0.0,0.0,0.0,0.0,0.0,0.0,0.0,0.0,0.0,0.0,0.0,0.0,0.0,0.0,0.0,0.0,7,1994,0,0.9705055190897932,0.9630511702964129,0.0,0
151,1843002,01/08/1994,0.0,0,0.0,0.0,0.0,0.0,0.0,0.0,0.0,0.0,0.0,0.0,0.0,0.0,0.0,0.0,0.0,0.0,0.0,0.0,0.0,0.0,0.0,0.0,0.0,0.0,0.0,0.0,0.0,0.0,0.0,0.0,0.0,8,1994,0,0.8436198517124124,0.8884899446647965,0.0,0
152,1843002,01/09/1994,0.0,0,0.0,0.0,0.0,0.0,0.0,0.0,0.0,0.0,0.0,0.0,0.0,0.0,0.0,0.0,0.0,0.0,0.0,0.0,0.0,0.0,0.0,0.0,0.0,0.0,0.0,0.0,0.0,0.0,0.0,0.0,,9,1994,0,0.8519984974172159,0.8035806355571271,0.0,0
153,1843002,01/10/1994,34.0,5,0.0,0.0,0.0,0.0,0.0,0.0,4.476686979409148,0.6632128858383923,0.0,0.0,0.0,0.0,0.0,0.0,0.0,0.0,0.0,0.0,7.129538522762717,0.0,0.0,0.0,0.0,0.0,0.0,0.0,4.31088375794955,0.0,0.0,8.953373958818297,2.6528515433535693,10,1994,5,0.8582537033878644,0.8290161072979904,28.186547648131675,5
154,1843002,01/11/1994,81.8,5,0.18614338662665933,0.0,0.0,0.0,0.0,0.0,0.0,0.0,0.0,0.0,20.10348575567921,0.0,1.3030037063866151,0.0,0.0,0.0,0.0,0.0,0.0,0.0,41.50997521774503,0.37228677325331866,0.0,0.0,9.121025944706307,3.536724345906527,0.0,0.0,0.0,0.0,,11,1994,5,0.9587841836369236,0.9307169331332966,76.13264513030366,5
155,1843002,01/12/1994,108.2,11,1.191897875822963,0.0,0.0,0.0,7.74733619284926,0.0,0.0,0.0,0.0,0.0,0.0,0.0,0.0,0.0,2.979744689557408,12.117628404200124,3.575693627468889,7.350036900908273,5.363540441203334,19.666314951078892,16.48792061555099,9.137883714642715,13.706825571964076,7.350036900908273,0.0,0.7945985838819754,0.0,0.0,0.0,0.0,0.0,12,1994,12,1.00300144886523,0.9932482298524692,107.46945847003717,11
156,1843002,01/01/1995,104.8,8,0.0,1.280971384539422,8.966799691775954,22.203503998683317,39.49661768996551,0.0,0.0,0.0,0.0,0.0,0.0,0.0,0.0,0.0,0.0,0.0,0.0,0.0,0.0,0.0,0.0,0.0,5.337380768914258,0.0,1.4944666152959922,0.8539809230262814,23.484475383222737,5.337380768914258,0.0,0.0,3.4159236921051255,1,1995,9,1.041496308044498,1.0674761537828517,111.87150091644287,8
157,1843002,01/02/1995,124.7,11,12.510728506993242,0.0,4.691523190122466,0.6702175985889237,0.0,0.0,0.0,4.914929056318774,37.30877965478342,9.159640514048624,22.563992485827097,7.1489877182818535,6.702175985889237,0.22340586619630792,4.914929056318774,0.0,0.0,17.425657563312015,11.058590376717243,0.0,0.0,0.0,0.0,0.0,0.0,0.0,0.0,0.0,,,,2,1995,11,1.105966266412859,1.1170293309815396,139.293557573398,11
158,1843002,01/03/1995,143.1,9,0.0,0.0,0.0,0.0,0.0,0.0,1.0138149909285097,0.0,0.0,0.0,0.0,0.0,15.409987862113347,0.0,6.691178940128164,42.78299261718311,2.4331559782284233,0.0,0.0,0.0,0.0,0.0,3.548352468249784,8.110519927428077,22.405311299520065,37.511154664354855,0.0,0.0,0.0,0.0,5.170456453735399,3,1995,10,1.008389996268373,1.0138149909285097,145.07692520186973,9
159,1843002,01/04/1995,55.6,5,11.021891108005773,0.0,3.0059703021833926,6.412736644657905,0.0,0.0,0.0,0.0,0.0,0.0,0.0,0.0,9.819502987132417,0.0,0.0,0.0,0.0,0.0,0.0,0.20039802014555952,0.0,0.0,24.84935449804938,0.0,0.40079604029111904,0.0,0.0,0.0,0.0,0.0,,4,1995,5,0.9994876856325822,1.0019901007277976,55.710649600465544,5
160,1843002,01/05/1995,34.2,4,0.0,0.0,0.0,0.0,0.0,0.0,0.0,4.618589800976112,0.0,0.0,0.0,17.73538483574827,0.0,0.0,0.0,0.0,0.0,0.0,6.466025721366557,0.0,0.0,0.0,0.0,0.0,0.0,2.7711538805856675,0.0,0.0,0.0,0.0,0.0,5,1995,4,0.9195167346089351,0.9237179601952225,31.591154238676605,4
161,1843002,01/06/1995,0.0,0,0.0,0.0,0.0,0.0,0.0,0.0,0.0,0.0,0.0,0.0,0.0,0.0,0.0,0.0,0.0,0.0,0.0,0.0,0.0,0.0,0.0,0.0,0.0,0.0,0.0,0.0,0.0,0.0,0.0,0.0,,6,1995,0,0.9526807708403268,0.939556195662868,0.0,0
162,1843002,01/07/1995,0.0,0,0.0,0.0,0.0,0.0,0.0,0.0,0.0,0.0,0.0,0.0,0.0,0.0,0.0,0.0,0.0,0.0,0.0,0.0,0.0,0.0,0.0,0.0,0.0,0.0,0.0,0.0,0.0,0.0,0.0,0.0,0.0,7,1995,0,0.9705055190897932,0.9630511702964129,0.0,0
163,1843002,01/08/1995,0.0,0,0.0,0.0,0.0,0.0,0.0,0.0,0.0,0.0,0.0,0.0,0.0,0.0,0.0,0.0,0.0,0.0,0.0,0.0,0.0,0.0,0.0,0.0,0.0,0.0,0.0,0.0,0.0,0.0,0.0,0.0,0.0,8,1995,0,0.8436198517124124,0.8884899446647965,0.0,0
164,1843002,01/09/1995,7.8,2,0.0,0.0,0.0,0.0,0.0,0.0,0.0,0.0,0.0,0.0,0.0,0.0,0.0,0.0,0.0,0.0,0.0,0.0,0.0,3.375038669339934,2.571458033782807,0.3214322542228509,0.0,0.0,0.0,0.0,0.0,0.0,0.0,0.0,,9,1995,2,0.8519984974172159,0.8035806355571271,6.2679289573455925,2
165,1843002,01/10/1995,144.2,8,0.0,0.0,0.0,0.0,0.0,0.0,34.9844797279752,0.0,2.072540268244976,0.9119177180277894,1.8238354360555789,0.0,0.16580322145959808,0.0,0.0,0.0,0.0,0.0,0.0,0.0,8.6217675158991,14.424880266985031,5.13989986524754,0.0,0.0,0.0,0.0,0.0,0.0,21.55441878974775,29.844579862727652,10,1995,9,0.8582537033878644,0.8290161072979904,119.54412267237022,8
166,1843002,01/11/1995,149.6,11,3.909011119159846,16.939048183026,34.622669912558635,6.887305305186396,0.0,0.0,0.0,0.0,0.0,0.0,0.0,0.0,0.0,19.54505559579923,0.0,1.1168603197599558,13.58846722374613,7.445735465066373,0.7445735465066373,0.18614338662665933,0.0,0.0,0.0,1.4891470930132746,18.98662543591925,0.0,0.0,5.9565883720530985,7.818022238319692,0.0,,11,1995,12,0.9587841836369236,0.9307169331332966,139.23525319674118,11
167,1843002,01/12/1995,355.0,20,0.0,4.370292211350865,8.939234068672222,8.144635484790246,17.08386955346247,0.19864964597049384,0.7945985838819754,20.65956318093136,0.3972992919409877,0.0,0.0,0.9932482298524692,24.83120574631173,20.063614243019877,14.501424155846049,5.16489079523284,42.31237459171519,29.797446895574076,3.9729929194098768,0.0,0.0,18.07711778331494,2.58244539761642,8.541934776731235,33.96908946095445,0.0,0.0,37.74343273439383,32.379892293190494,13.905475217934569,3.1783943355279014,12,1995,21,1.00300144886523,0.9932482298524692,352.60312159762657,20
168,1843002,01/01/1996,48.6,7,11.101751999341658,4.376652230509691,0.0,0.0,0.0,0.0,0.0,0.0,0.0,4.803642692022833,17.186366075903912,2.2416999229439885,0.0,0.0,0.0,0.0,0.0,0.0,6.40485692269711,5.7643712304273995,0.0,0.0,0.0,0.0,0.0,0.0,0.0,0.0,0.0,0.0,0.0,1,1996,7,1.041496308044498,1.0674761537828517,51.87934107384659,7
169,1843002,01/02/1996,62.9,12,4.356414390828004,6.031958387300314,0.0,1.4521381302760015,4.468117323926158,1.3404351971778474,2.569167461257541,11.952213841502472,0.0,0.0,0.0,4.691523190122466,0.0,0.0,0.0,2.680870394355695,0.22340586619630792,0.0,0.0,0.0,1.4521381302760015,0.0,5.026631989416928,0.0,8.712828781656007,14.856490102054478,0.44681173239261585,0.0,0.0,,,2,1996,13,1.105966266412859,1.1170293309815396,70.26114491873884,13
170,1843002,01/03/1996,198.3,10,0.0,1.2165779891142117,17.234854845784664,4.359404460992591,0.0,11.354727898399307,1.0138149909285097,0.0,0.0,24.534322780469935,9.022953419263736,60.930280954803436,60.22061046115348,3.041444972785529,0.0,0.0,0.0,0.0,0.0,0.0,0.0,0.0,4.663548958271144,0.7096704936499567,2.7373004755069763,0.0,0.0,0.0,0.0,0.0,0.0,3,1996,12,1.008389996268373,1.0138149909285097,201.03951270112347,10
171,1843002,01/04/1996,71.4,3,0.0,0.0,0.0,0.0,0.0,0.0,0.0,0.0,0.0,0.0,0.0,0.0,41.88318621042194,0.7013930705094583,0.0,0.0,0.0,5.510945554002887,23.44656835703046,0.0,0.0,0.0,0.0,0.0,0.0,0.0,0.0,0.0,0.0,0.0,,4,1996,3,0.9994876856325822,1.0019901007277976,71.54209319196475,3
172,1843002,01/05/1996,11.8,3,0.0,0.0,0.0,0.0,0.0,0.0,0.0,0.0,0.0,0.0,0.0,3.2330128606832784,0.09237179601952225,0.0,0.0,0.0,0.8313461641757002,0.1847435920390445,1.0160897562147448,0.09237179601952225,0.0,2.1245513084490115,3.3253846567028007,0.0,0.0,0.0,0.0,0.0,0.0,0.0,0.0,5,1996,4,0.9195167346089351,0.9237179601952225,10.899871930303625,3
173,1843002,01/06/1996,0.0,0,0.0,0.0,0.0,0.0,0.0,0.0,0.0,0.0,0.0,0.0,0.0,0.0,0.0,0.0,0.0,0.0,0.0,0.0,0.0,0.0,0.0,0.0,0.0,0.0,0.0,0.0,0.0,0.0,0.0,0.0,,6,1996,0,0.9526807708403268,0.939556195662868,0.0,0
174,1843002,01/07/1996,0.0,0,0.0,0.0,0.0,0.0,0.0,0.0,0.0,0.0,0.0,0.0,0.0,0.0,0.0,0.0,0.0,0.0,0.0,0.0,0.0,0.0,0.0,0.0,0.0,0.0,0.0,0.0,0.0,0.0,0.0,0.0,0.0,7,1996,0,0.9705055190897932,0.9630511702964129,0.0,0
175,1843002,01/08/1996,6.8,2,0.0,0.0,0.0,0.0,0.0,0.0,0.0,0.0,0.0,0.0,0.0,4.531298717790461,0.0,0.0,1.3327349169971947,0.0,0.0,0.0,0.0,0.0,0.0,0.0,0.0,0.0,0.1776979889329593,0.0,0.0,0.0,0.0,0.0,0.0,8,1996,2,0.8436198517124124,0.8884899446647965,6.041731623720615,2
176,1843002,01/09/1996,9.6,3,0.0,2.491099970227094,0.0,0.08035806355571272,0.0,1.3660870804471161,0.24107419066713812,0.0,0.0,0.0,0.0,0.0,0.0,0.0,0.0,0.0,0.0,0.9642967626685525,2.571458033782807,0.0,0.0,0.0,0.0,0.0,0.0,0.0,0.0,0.0,0.0,0.0,,9,1996,4,0.8519984974172159,0.8035806355571271,7.714374101348421,3
177,1843002,01/10/1996,45.9,5,0.0,0.0,0.0,1.9067370467853777,0.0,0.0,0.0,0.0,0.0,0.0,0.0,0.0,0.0,0.0,0.0,18.404157582015387,0.16580322145959808,0.0,0.0,0.0,0.0,0.0,0.0,0.0,0.0,0.0,0.0,2.984457986272765,2.818654764813167,0.5803112751085933,11.19171744852287,10,1996,5,0.8582537033878644,0.8290161072979904,38.051839324977756,5
178,1843002,01/11/1996,420.2,15,2.512935719459901,16.008331249892702,8.655667478139659,7.073448691813054,4.188226199099835,0.0,0.0,0.0,0.0,0.0,0.0,0.0,0.0,0.0,20.941130995499172,16.47368971645935,30.4344437134588,65.98783055915074,0.0,84.50909752850333,17.03211987633933,13.123108757179482,46.163559883411516,43.74369585726494,13.402323837119472,0.837645239819967,0.0,0.0,0.0,0.0,,11,1996,15,0.9587841836369236,0.9307169331332966,391.08725530261125,15
179,1843002,01/12/1996,175.5,17,0.8939234068672223,0.8939234068672223,0.0,1.7878468137344445,1.9864964597049384,0.0,0.0,1.0925730528377162,37.24680861946759,7.2507120779230245,1.29122269880821,3.87366809642463,16.587245438536236,0.0,0.0,0.29797446895574076,0.0,0.0,0.0,12.9122269880821,11.918978758229631,0.6952737608967284,8.74058442270173,9.237208537627964,5.959489379114816,1.5891971677639507,1.489872344778704,4.072317742395123,0.0,12.9122269880821,31.58529370930852,12,1996,18,1.00300144886523,0.9932482298524692,174.31506433910835,17
180,1843002,01/01/1997,199.8,15,8.219566384127958,1.921457076809133,30.74331322894613,20.28204692187418,17.079618460525626,16.545880383634202,2.2416999229439885,0.0,0.0,0.0,0.0,0.0,31.170303690459267,1.921457076809133,0.0,0.0,14.410928076068497,4.163156999753121,52.09283630460316,0.0,0.0,5.444128384292543,0.21349523075657034,0.0,0.0,2.1349523075657033,0.0,4.269904615131407,0.0,0.0,0.4269904615131407,1,1997,15,1.041496308044498,1.0674761537828517,213.28173552581373,15
181,1843002,01/02/1997,28.3,7,0.0,0.0,3.015979193650157,0.33510879929446186,1.5638410633741553,0.11170293309815396,0.0,0.44681173239261585,0.0,0.0,4.691523190122466,0.0,0.0,0.0,0.0,0.0,0.0,0.0,0.0,0.0,0.0,0.0,0.0,0.0,4.691523190122466,6.702175985889237,6.478770119692929,3.5744938591409268,,,,2,1997,7,1.105966266412859,1.1170293309815396,31.611930066777568,7
182,1843002,01/03/1997,199.8,11,81.40934377155932,17.74176234124892,25.852282268676998,3.751115466435486,1.5207224863927644,2.331774479135572,0.0,0.0,0.3041444972785529,0.0,0.0,0.0,0.7096704936499567,2.0276299818570194,0.6082889945571058,17.336236344877516,17.336236344877516,20.073536820384493,0.0,9.022953419263736,0.4055259963714039,0.0,0.0,0.0,0.10138149909285098,0.0,0.0,1.0138149909285097,1.0138149909285097,0.0,0.0,3,1997,13,1.008389996268373,1.0138149909285097,202.56023518751627,11
183,1843002,01/04/1997,166.7,9,42.28398225071306,0.0,0.0,0.0,0.6011940604366786,14.528856460553065,0.40079604029111904,3.2063683223289523,0.0,0.0,0.0,0.0,0.0,0.0,0.0,0.0,0.0,0.0,2.8055722820378333,0.0,21.242190135429308,24.04776241746714,9.318507936768519,1.0019901007277976,0.0,0.0,0.0,42.68477829100418,0.7013930705094583,4.20835842305675,,4,1997,10,0.9994876856325822,1.0019901007277976,167.03174979132388,9
184,1843002,01/05/1997,14.8,2,0.0,0.0,0.0,0.0,0.0,0.0,0.0,0.0,0.0,0.0,0.0,0.0,0.0,0.0,1.108461552234267,6.927884701464168,0.0,0.0,0.0,0.0,1.0160897562147448,0.0,0.0,0.0,0.9237179601952225,0.0,0.0,0.0,0.0,3.69487184078089,0.0,5,1997,5,0.9195167346089351,0.9237179601952225,13.671025810889292,2
185,1843002,01/06/1997,34.3,4,0.0,0.0,0.0,0.0,0.0,22.079570598077396,0.0,0.0,1.5972455326268755,0.0,0.0,0.0,0.0,0.0,5.073603456579487,3.4763579239526115,0.0,0.0,0.0,0.0,0.0,0.0,0.0,0.0,0.0,0.0,0.0,0.0,0.0,0.0,,6,1997,4,0.9526807708403268,0.939556195662868,32.22677751123637,4
186,1843002,01/07/1997,0.0,0,0.0,0.0,0.0,0.0,0.0,0.0,0.0,0.0,0.0,0.0,0.0,0.0,0.0,0.0,0.0,0.0,0.0,0.0,0.0,0.0,0.0,0.0,0.0,0.0,0.0,0.0,0.0,0.0,0.0,0.0,0.0,7,1997,0,0.9705055190897932,0.9630511702964129,0.0,0
187,1843002,01/08/1997,0.0,0,0.0,0.0,0.0,0.0,0.0,0.0,0.0,0.0,0.0,0.0,0.0,0.0,0.0,0.0,0.0,0.0,0.0,0.0,0.0,0.0,0.0,0.0,0.0,0.0,0.0,0.0,0.0,0.0,0.0,0.0,0.0,8,1997,0,0.8436198517124124,0.8884899446647965,0.0,0
188,1843002,01/09/1997,60.6,4,0.0,0.0,0.0,0.0,0.0,0.0,0.08035806355571272,0.0,0.0,0.0,0.0,0.0,0.0,0.0,0.0,0.0,6.267928957345592,4.339335432008487,0.0,13.178722423136884,23.464554558268112,0.6428645084457018,0.0,0.7232225720014144,0.0,0.0,0.0,0.0,0.0,0.0,,9,1997,4,0.8519984974172159,0.8035806355571271,48.6969865147619,4
189,1843002,01/10/1997,59.9,6,0.0,5.222801475977339,0.0,0.0,0.0,0.0,0.0,0.0,0.0,0.0,0.0,0.0,0.0,0.0,0.0,0.0,0.0,7.046636912032918,0.16580322145959808,0.16580322145959808,0.0,18.404157582015387,7.461144965681913,0.0,0.0,6.383424026194526,4.642490200868746,0.16580322145959808,0.0,0.0,0.0,10,1997,6,0.8582537033878644,0.8290161072979904,49.658064827149616,6
190,1843002,01/11/1997,98.6,11,0.0,0.0,0.0,0.0,0.0,0.0,0.0,6.701161918559736,0.27921507993998895,2.3267923328332416,0.0,1.3030037063866151,0.0,2.9782941860265493,13.309252143806143,0.0,0.0,0.0,0.0,1.8614338662665932,8.37645239819967,0.0,0.4653584665666483,0.09307169331332966,0.0,19.07969712923258,0.0,9.214097638019636,16.84597648971267,8.934882558079646,,11,1997,11,0.9587841836369236,0.9307169331332966,91.76868960694306,11
191,1843002,01/12/1997,388.4,17,68.03750374489414,45.0934696353021,52.145532067254635,10.230456767480433,0.0,0.0,0.0,28.307574550795373,4.966241149262346,11.223704997332902,6.555438317026296,27.71162561288389,1.29122269880821,57.31042286248748,2.085821282690185,19.2690156591379,28.903523488706856,14.20344968689031,5.16489079523284,0.0,1.191897875822963,0.0,0.0,0.0,0.0,0.0,0.0,0.0,0.5959489379114815,1.489872344778704,0.0,12,1997,18,1.00300144886523,0.9932482298524692,385.777612474699,17
192,1843002,01/01/1998,154.5,10,0.0,0.0,0.0,0.0,1.174223769161137,0.0,10.674761537828516,0.21349523075657034,25.299184844653585,14.624423306825067,17.72010415279534,0.8539809230262814,2.4551951537005587,0.0,0.0,0.0,25.40593246003187,3.736166538239981,1.280971384539422,51.98608868922488,0.7472333076479961,1.174223769161137,0.0,0.0,0.7472333076479961,3.3091760767268403,3.52267130748341,0.0,0.0,0.0,0.0,1,1998,13,1.041496308044498,1.0674761537828517,164.9250657594506,10
193,1843002,01/02/1998,189.1,11,0.0,0.0,0.0,0.0,0.0,0.8936234647852317,0.0,0.6702175985889237,5.250037855613236,0.0,1.4521381302760015,35.968344457605575,4.468117323926158,0.0,0.0,0.0,27.925733274538487,19.548013292176943,12.287322640796935,11.840510908404319,31.388524200581262,0.22340586619630792,2.345761595061233,56.96849588005852,0.0,0.0,0.0,0.0,,,,2,1998,11,1.105966266412859,1.1170293309815396,211.2302464886091,11
194,1843002,01/03/1998,65.8,5,6.082889945571058,0.0,0.0,0.0,0.0,0.0,0.0,0.0,0.0,0.0,0.0,0.0,0.0,0.0,0.0,0.0,0.0,0.0,0.0,0.0,0.0,3.8524969655283368,35.48352468249784,11.253346399306457,0.0,0.6082889945571058,9.42847941563514,0.0,0.0,0.0,0.0,3,1998,5,1.008389996268373,1.0138149909285097,66.70902640309595,5
195,1843002,01/04/1998,13.5,2,0.0,0.0,0.0,0.6011940604366786,0.0,0.0,0.0,0.0,0.0,5.510945554002887,0.0,0.0,0.0,0.0,0.0,0.0,0.0,0.0,0.0,6.412736644657905,0.0,0.0,0.0,0.0,0.0,0.0,1.0019901007277976,0.0,0.0,0.0,,4,1998,3,0.9994876856325822,1.0019901007277976,13.526866359825267,2
196,1843002,01/05/1998,47.9,4,0.0,0.0,0.0,0.0,4.618589800976112,2.1245513084490115,0.0,0.0,0.0,0.0,0.0,0.0,0.0,0.0,0.0,0.0,0.0,0.0,0.09237179601952225,0.0,0.0,0.0,0.0,0.0,0.09237179601952225,0.0,0.09237179601952225,0.0,24.016666965075785,0.1847435920390445,13.024423238752636,5,1998,4,0.9195167346089351,0.9237179601952225,44.24609029335116,4
197,1843002,01/06/1998,3.0,0,0.0,0.28186685869886036,0.0939556195662868,0.0,0.0,0.0,0.0,0.0,0.0,0.0,0.0,0.0,0.0,0.0,0.0,0.3758224782651472,0.6576893369640076,0.28186685869886036,0.0,0.28186685869886036,0.0,0.0939556195662868,0.0,0.0,0.0,0.0,0.469778097831434,0.28186685869886036,0.0,0.0,,6,1998,0,0.9526807708403268,0.939556195662868,2.8186685869886037,0
198,1843002,01/07/1998,3.4,0,0.674135819207489,0.4815255851482064,0.0,0.28891535108892386,0.4815255851482064,0.09630511702964129,0.28891535108892386,0.0,0.0,0.0,0.0,0.19261023405928257,0.09630511702964129,0.0,0.38522046811856514,0.19261023405928257,0.0,0.0,0.0,0.0,0.0,0.0,0.0,0.0,0.0,0.0,0.0,0.0,0.09630511702964129,0.0,0.0,7,1998,0,0.9705055190897932,0.9630511702964129,3.2743739790078035,0
199,1843002,01/08/1998,23.0,2,0.0,0.0,0.08884899446647965,0.3553959778659186,0.0,0.0,0.0,0.0,16.259365987365776,3.553959778659186,0.08884899446647965,0.0,0.0,0.0,0.0,0.0,0.0,0.0,0.0,0.0,0.0,0.0,0.08884899446647965,0.0,0.0,0.0,0.0,0.0,0.0,0.0,0.0,8,1998,2,0.8436198517124124,0.8884899446647965,20.435268727290318,2
200,1843002,01/09/1998,0.0,0,0.0,0.0,0.0,0.0,0.0,0.0,0.0,0.0,0.0,0.0,0.0,0.0,0.0,0.0,0.0,0.0,0.0,0.0,0.0,0.0,0.0,0.0,0.0,0.0,0.0,0.0,0.0,0.0,0.0,0.0,,9,1998,0,0.8519984974172159,0.8035806355571271,0.0,0
201,1843002,01/10/1998,82.4,6,0.0,0.08290161072979904,0.0,0.0,0.0,0.0,0.0,7.958554630060707,0.4145080536489952,0.0,4.559588590138947,0.0,7.212440133492516,0.08290161072979904,0.0,0.0,0.0,31.585513688053435,1.0777209394873875,0.0,0.5803112751085933,0.0,0.0,0.0,0.0,0.0,0.16580322145959808,0.0,0.9948193287575884,0.0,13.595864159687041,10,1998,7,0.8582537033878644,0.8290161072979904,68.3109272413544,5
202,1843002,01/11/1998,185.7,16,5.118943132233132,10.88938811765957,2.419864026146571,17.218263262965987,0.18614338662665933,0.0,0.0,0.0,0.0,0.0,0.4653584665666483,1.2099320130732856,0.4653584665666483,13.960753996999449,5.025871438919802,19.63812728911256,0.0,0.0,15.915259556579374,4.560512972353154,0.0,7.166520385126384,17.869765116159293,0.0,0.6515018531933076,0.0,25.408572274538997,10.424029651092921,2.8852224927132197,11.354746584226218,,11,1998,16,0.9587841836369236,0.9307169331332966,172.83413448285316,15
203,1843002,01/12/1998,339.3,23,16.189946146595247,20.560238357946112,10.429106413450926,9.932482298524691,19.964289420034632,15.693322031669014,11.819653935244384,8.34328513076074,0.0,16.48792061555099,0.0,0.0,0.0,0.0,27.512975966913395,20.65956318093136,6.257463848070556,0.7945985838819754,1.6885219907491975,0.9932482298524692,4.966241149262346,14.998048270772284,7.74733619284926,20.063614243019877,18.17644260630019,22.149435525710064,4.966241149262346,0.0,22.447409994665804,13.309526280023087,20.858212826901852,12,1998,24,1.00300144886523,0.9932482298524692,337.00912438894284,23
204,1843002,01/01/1999,81.6,8,12.275975768502795,13.556947153042215,16.225637537499345,1.3877189999177073,0.3202428461348555,10.995004383963373,0.0,0.0,0.0,0.0,0.0,0.0,0.0,0.0,0.0,0.10674761537828517,0.0,0.0,0.0,0.0,0.0,0.0,0.0,0.0,0.0,0.0,0.640485692269711,8.326313999506242,20.602289768009037,2.668690384457129,0.0,1,1999,8,1.041496308044498,1.0674761537828517,87.1060541486807,8
205,1843002,01/02/1999,90.1,8,0.0,0.0,0.0,0.0,0.0,0.0,0.0,0.0,0.0,0.0,0.0,5.138334922515082,6.478770119692929,0.0,0.0,0.0,0.0,0.0,0.0,0.0,0.0,0.0,20.441636756962176,6.702175985889237,11.840510908404319,21.558666087943713,21.670369021041864,6.813878918987391,,,,2,1999,8,1.105966266412859,1.1170293309815396,100.6443427214367,8
206,1843002,01/03/1999,228.4,13,15.916895357577602,72.28500885320274,16.626565851227557,23.520507789541423,0.0,1.3179594882070627,2.5345374773212743,23.419126290448574,0.0,6.995323437406717,6.792560439221015,15.004461865741945,9.732623912913693,0.9124334918356587,0.0,0.0,0.0,0.0,0.0,0.0,0.0,0.0,0.10138149909285098,0.0,0.0,33.55727619973367,0.0,0.0,2.838681974599827,0.0,0.0,3,1999,13,1.008389996268373,1.0138149909285097,231.5553439280716,13
207,1843002,01/04/1999,19.9,4,0.0,0.0,0.0,0.0,0.0,0.0,0.0,8.9177118964774,0.0,0.0,0.0,0.0,0.0,0.0,0.0,0.0,4.609154463347869,0.5009950503638988,4.108159412983969,1.8035821813100357,0.0,0.0,0.0,0.0,0.0,0.0,0.0,0.0,0.0,0.0,,4,1999,4,0.9994876856325822,1.0019901007277976,19.93960300448317,4
208,1843002,01/05/1999,3.5,1,0.0,0.0,0.0,0.0,0.0,0.0,0.4618589800976112,2.4016666965075784,0.369487184078089,0.0,0.0,0.0,0.0,0.0,0.0,0.0,0.0,0.0,0.0,0.0,0.0,0.0,0.0,0.0,0.0,0.0,0.0,0.0,0.0,0.0,0.0,5,1999,1,0.9195167346089351,0.9237179601952225,3.233012860683279,1
209,1843002,01/06/1999,0.9,0,0.0,0.0,0.0,0.0,0.0,0.0,0.0,0.0,0.0,0.0,0.0,0.0,0.0,0.0,0.0,0.8456005760965812,0.0,0.0,0.0,0.0,0.0,0.0,0.0,0.0,0.0,0.0,0.0,0.0,0.0,0.0,,6,1999,0,0.9526807708403268,0.939556195662868,0.8456005760965812,0
210,1843002,01/07/1999,,0,0.0,0.0,0.0,0.0,0.0,0.0,0.19261023405928257,0.0,0.0,0.0,0.0,0.0,0.0,0.09630511702964129,0.0,0.0,0.0,0.0,0.0,0.0,0.0,0.0,0.0,0.0,0.0,0.0,0.0,0.0,0.0,0.0,,7,1999,0,0.9705055190897932,0.9630511702964129,0.28891535108892386,0
211,1843002,01/08/1999,0.0,0,0.0,0.0,0.0,0.0,0.0,0.0,0.0,0.0,0.0,0.0,0.0,0.0,0.0,0.0,0.0,0.0,0.0,0.0,0.0,0.0,0.0,0.0,0.0,0.0,0.0,0.0,0.0,0.0,0.0,0.0,0.0,8,1999,0,0.8436198517124124,0.8884899446647965,0.0,0
212,1843002,01/09/1999,25.0,4,0.0,0.0,0.0,0.0,0.0,0.0,0.0,0.0,0.0,0.0,0.0,0.0,10.285832135131228,2.0089515888928178,0.0,3.616112860007072,0.0,0.0,0.0,0.0,0.0,4.178619304897061,0.0,0.0,0.0,0.0,0.0,0.0,0.0,0.0,,9,1999,4,0.8519984974172159,0.8035806355571271,20.089515888928176,4
213,1843002,01/10/1999,91.1,7,0.0,0.0,0.0,0.0,0.0,0.0,0.0,0.0,0.0,0.9119177180277894,0.0,0.0,0.0,0.0,0.0,0.0,0.0,0.0,16.41451892450021,1.9896386575151768,14.507781877714832,20.393796239530563,0.0,0.0,0.0,0.0,15.50260120647242,1.5751306038661816,4.227982147219751,0.0,0.0,10,1999,8,0.8582537033878644,0.8290161072979904,75.52336737484693,7
214,1843002,01/11/1999,303.7,13,0.0,0.0,0.0,0.0,19.63812728911256,33.59888128611201,22.709493168452436,0.0,14.426112463566097,31.3651606465921,0.0,6.049660065366428,4.095154505786505,0.0,0.0,0.0,0.0,13.21618045049281,3.1644375726532084,39.18318288491179,22.61642147513911,0.0,0.0,0.0,0.0,62.544177906557536,10.051742877839605,0.0,0.0,0.0,,11,1999,13,0.9587841836369236,0.9307169331332966,282.6587325925822,13
215,1843002,01/12/1999,218.7,14,0.0,0.0,0.0,48.37118879381525,30.98934477139704,1.9864964597049384,5.661514910159075,0.4966241149262346,0.0,0.0,22.84470928660679,17.977792960329694,5.16489079523284,12.316278050170618,23.24200857854778,0.0,0.0,0.0,0.0,0.0,0.0,0.0,20.9575376498871,8.144635484790246,2.383795751645926,0.0,0.0,0.5959489379114815,0.29797446895574076,1.5891971677639507,14.20344968689031,12,1999,14,1.00300144886523,0.9932482298524692,217.22338786873502,14
216,1843002,01/01/2000,251.0,14,4.483399845887977,2.7754379998354146,0.3202428461348555,0.0,0.0,0.0,0.0,0.0,0.0,0.0,0.0,0.0,0.0,0.0,0.0,0.0,1.3877189999177073,13.129956691529076,27.861127613732428,,79.8472163029573,0.21349523075657034,3.4159236921051255,15.585151845229634,22.95073730633131,24.01821346011416,9.287042537910809,16.866123229769055,26.25991338305815,19.321318383469617,0.21349523075657034,1,2000,14,1.041496308044498,1.0674761537828517,267.93651459949575,14
217,1843002,01/02/2000,145.8,8,0.0,0.0,3.7978997253372344,0.33510879929446186,0.0,9.60645224644124,6.143661320398468,37.64388845407789,15.750113566839707,0.0,0.0,0.0,0.0,0.0,0.0,0.0,0.0,46.13331136953758,41.21838231321881,0.11170293309815396,2.122355728864925,0.0,0.0,0.0,0.0,0.0,0.0,0.0,0.0,,,2,2000,8,1.105966266412859,1.1170293309815396,162.86287645710846,8
218,1843002,01/03/2000,158.3,12,6.995323437406717,0.20276299818570195,0.0,0.0,0.0,0.0,0.0,6.691178940128164,0.0,0.0,33.45589470064082,17.437617843970365,10.239531408377948,14.497554370277689,0.0,2.940063473692678,31.935172214248055,14.497554370277689,14.70031736846339,5.069074954642549,0.0,0.0,0.0,0.0,0.0,0.0,0.0,0.0,0.0,0.0,1.8248669836713174,3,2000,12,1.008389996268373,1.0138149909285097,160.48691306398305,12
219,1843002,01/04/2000,16.9,4,0.0,0.0,0.0,0.0,0.0,2.104179211528375,0.0,0.0,0.0,0.0,0.0,0.0,2.8055722820378333,0.0,0.0,0.0,0.0,0.0,0.0,4.909751493566208,7.114129715167363,0.0,0.0,0.0,0.0,0.0,0.0,0.0,0.0,0.0,,4,2000,4,0.9994876856325822,1.0019901007277976,16.933632702299782,4
220,1843002,01/05/2000,0.0,0,0.0,0.0,0.0,0.0,0.0,0.0,0.0,0.0,0.0,0.0,0.0,0.0,0.0,0.0,0.0,0.0,0.0,0.0,0.0,0.0,0.0,0.0,0.0,0.0,0.0,0.0,0.0,0.0,0.0,0.0,0.0,5,2000,0,0.9195167346089351,0.9237179601952225,0.0,0
221,1843002,01/06/2000,0.0,0,0.0,0.0,0.0,0.0,0.0,0.0,0.0,0.0,0.0,0.0,0.0,0.0,0.0,0.0,0.0,0.0,0.0,0.0,0.0,0.0,0.0,0.0,0.0,0.0,0.0,0.0,0.0,0.0,0.0,0.0,,6,2000,0,0.9526807708403268,0.939556195662868,0.0,0
222,1843002,01/07/2000,12.6,1,0.0,0.0,0.0,0.0,0.0,0.0,0.0,0.0,0.0,0.0,0.0,0.0,0.0,0.0,0.0,0.0,0.0,0.0,0.0,0.0,0.0,0.0,0.0,0.0,0.0,12.134444745734802,0.0,0.0,0.0,0.0,0.0,7,2000,1,0.9705055190897932,0.9630511702964129,12.134444745734802,1
223,1843002,01/08/2000,26.6,2,0.0,0.0,0.0,0.0,0.0,0.0,0.0,0.0,0.0,0.0,0.0,0.0,0.0,0.0,0.0,0.0,0.0,0.0,0.0,0.0,0.0,0.0,0.0,0.0,0.0,0.0,0.0,0.6219429612653575,13.238500175505468,9.773389391312762,0.0,8,2000,2,0.8436198517124124,0.8884899446647965,23.633832528083587,2
224,1843002,01/09/2000,61.3,4,0.0,0.0,36.080770536515004,2.9732483515613706,0.0,0.0,9.160819245351249,0.0,1.0446548262242652,0.0,0.0,0.0,0.0,0.0,0.0,0.0,0.0,0.0,0.0,0.0,0.0,0.0,0.0,0.0,0.0,0.0,0.0,0.0,0.0,0.0,,9,2000,4,0.8519984974172159,0.8035806355571271,49.259492959651894,3
225,1843002,01/10/2000,88.0,5,0.0,0.0,0.0,0.0,0.0,0.0,28.43525248032107,1.5751306038661816,0.0,0.0,0.0,0.0,0.0,0.0,0.0,0.0,0.0,0.0,0.0,0.0,0.0,0.0,18.735764024934582,0.0,0.0,0.0,0.0,0.0,0.0,1.6580322145959807,22.549238118505336,10,2000,5,0.8582537033878644,0.8290161072979904,72.95341744222316,5
226,1843002,01/11/2000,306.5,19,0.0,0.0,0.0,3.071365879339879,6.421946838619747,18.80048204929259,30.62058710008546,36.94946224539188,0.5584301598799779,0.09307169331332966,0.0,4.0020828124731755,4.467441279039823,1.5822187863266042,7.445735465066373,62.916464679810844,6.235803451993087,2.69907910608656,0.0,37.50789240527185,1.8614338662665932,0.0,0.0,0.0,0.0,11.913176744106197,17.590550036219305,19.917342369052545,8.28338070488634,2.3267923328332416,,11,2000,19,0.9587841836369236,0.9307169331332966,285.2647400053554,19
227,1843002,01/12/2000,349.5,16,83.23420166163692,53.43675476606284,23.440658224518273,0.7945985838819754,8.541934776731235,50.85430936844642,4.469617034336111,0.0,0.0,0.0,29.40014760363309,0.0,0.0,0.0,0.0,0.0,2.1851461056754324,35.260312159762655,2.979744689557408,0.09932482298524692,0.0,32.578541939160985,0.0,3.377043981498395,0.0,0.0,0.0,1.8871716367196913,5.661514910159075,5.760839733144321,3.1783943355279014,12,2000,16,1.00300144886523,0.9932482298524692,347.14025633343806,16
