gauge,month,year,1,2,3,4,5,6,7,8,9,10,11,12,13,14,15,16,17,18,19,20,21,22,23,24,25,26,27,28,29,30,31,month,year
1943003,1,1980,1.97,38.27,10.83,0.0,0.0,0.0,0.0,0.0,0.0,0.0,0.15,20.55,24.39,0.0,6.56,31.22,21.61,3.79,34.21,0.0,12.86,59.08,35.71,16.38,1.87,17.13,17.34,58.87,3.79,17.56,0.0,1,1980
1943003,2,1980,0.0,4.75,7.76,4.64,0.0,0.0,0.0,0.0,0.0,1.73,0.0,0.0,0.0,41.39,0.0,13.35,28.2,17.48,18.82,0.0,0.0,23.51,0.0,0.0,0.0,0.0,0.0,0.0,0.0,,,2,1980
1943003,3,1980,4.46,0.0,0.0,0.0,0.0,0.0,0.0,0.0,0.0,0.0,0.0,0.0,0.0,0.0,0.0,12.67,0.0,0.0,0.0,0.0,0.0,0.0,0.0,0.0,0.0,0.0,0.0,0.0,0.0,0.0,0.0,3,1980
1943003,4,1980,2.58,0.0,14.8,5.39,0.0,0.0,15.21,39.55,0.0,19.01,0.0,0.0,8.59,60.29,15.0,14.0,0.0,3.38,0.0,0.0,5.79,0.0,0.0,0.0,0.1,0.0,0.0,0.0,0.0,0.0,,4,1980
1943003,5,1980,0.0,0.0,2.47,0.05,0.0,0.0,0.0,0.0,0.0,0.0,0.0,0.0,0.0,4.13,0.0,0.0,0.0,0.0,0.0,0.0,0.0,0.0,0.0,0.0,0.0,0.0,0.0,0.0,0.0,0.0,0.0,5,1980
1943003,6,1980,0.0,0.25,0.0,4.48,0.0,0.0,0.0,0.0,0.0,0.0,0.0,0.0,0.0,0.0,0.0,0.0,0.0,0.0,0.0,0.0,0.0,0.0,0.0,0.0,0.0,0.0,19.42,0.0,0.0,0.0,,6,1980
1943003,7,1980,0.0,0.0,3.39,0.0,0.0,0.0,0.0,0.0,0.0,0.0,0.0,0.0,0.0,0.0,0.0,0.0,0.0,0.0,0.0,0.0,0.0,0.0,0.0,0.07,0.0,0.0,0.0,0.0,0.0,0.0,0.0,7,1980
1943003,8,1980,0.0,0.0,0.0,0.0,0.0,0.0,0.0,0.0,0.0,0.0,0.0,0.0,0.0,0.0,0.0,0.0,0.0,0.0,0.0,0.0,0.0,0.0,0.0,0.0,0.0,0.0,0.02,0.0,0.0,0.0,0.0,8,1980
1943003,9,1980,0.0,0.0,0.0,0.0,0.0,0.0,0.0,0.0,0.0,0.0,0.0,0.0,0.0,0.0,0.0,4.82,0.0,0.0,11.81,0.0,0.0,1.69,0.0,0.0,0.0,4.02,0.0,0.0,0.0,0.0,,9,1980
1943003,10,1980,0.0,0.0,0.0,0.0,0.0,0.0,0.0,0.0,0.0,0.0,31.59,6.55,13.84,0.0,0.0,0.0,0.0,0.0,0.0,0.0,0.0,0.0,0.0,0.0,0.0,0.0,0.0,0.0,0.0,0.0,0.0,10,1980
1943003,11,1980,29.96,5.77,0.0,0.0,0.0,0.0,0.0,0.0,17.86,9.12,0.05,0.0,21.59,10.14,0.0,0.0,0.0,27.08,0.0,2.51,0.0,0.0,0.0,0.0,45.88,9.77,0.0,0.0,0.0,0.0,,11,1980
1943003,12,1980,0.29,25.92,37.25,29.3,11.42,6.46,18.08,4.17,14.2,13.11,17.38,2.38,0.0,22.94,5.96,0.0,0.0,0.0,0.0,0.0,0.0,0.0,0.0,0.0,0.0,0.0,0.0,0.0,0.0,13.81,9.83,12,1980
1943003,1,1981,14.0,5.14,4.49,0.0,0.0,0.0,0.0,0.0,0.0,30.54,21.68,17.95,15.17,29.05,0.0,0.0,2.25,0.0,0.0,0.0,0.0,14.32,0.0,2.68,0.04,1.72,12.5,2.15,2.15,0.0,0.0,1,1981
1943003,2,1981,8.22,0.0,0.0,0.0,0.0,0.0,0.0,0.0,0.0,4.31,12.58,0.0,3.53,0.0,0.0,0.0,0.0,0.0,0.0,0.0,0.0,0.0,0.0,0.63,0.0,0.0,0.0,0.0,,,,2,1981
1943003,3,1981,0.0,6.79,0.0,0.0,0.0,16.01,33.55,35.78,27.67,0.11,0.0,6.18,0.0,0.0,0.0,0.0,0.0,0.0,2.63,5.77,28.18,11.35,13.27,0.0,2.43,11.85,11.65,13.27,5.47,10.23,0.62,3,1981
1943003,4,1981,0.0,5.01,0.0,0.0,0.0,0.6,0.0,0.0,0.0,2.6,0.0,0.0,0.0,0.0,0.0,0.0,0.0,0.0,0.0,0.0,0.0,0.0,0.0,0.0,0.0,0.0,0.0,0.0,0.0,6.71,,4,1981
1943003,5,1981,0.6,0.0,0.0,0.0,0.0,0.0,0.32,0.0,0.0,0.0,0.0,0.0,0.0,0.0,0.0,0.0,0.0,0.0,0.79,0.88,0.0,0.0,0.0,0.97,0.0,0.0,0.0,0.0,26.74,0.0,0.0,5,1981
1943003,6,1981,0.0,0.0,0.0,0.0,2.0,0.0,12.43,2.94,0.0,0.0,0.0,0.0,0.0,0.0,0.0,0.0,9.42,0.0,0.0,0.0,0.0,0.0,0.0,0.0,0.0,0.0,0.0,0.0,0.0,0.0,,6,1981
1943003,7,1981,0.0,0.0,0.0,0.0,0.0,0.0,0.0,0.0,0.0,0.0,0.0,0.0,0.0,0.0,0.0,0.0,0.0,0.0,0.0,0.0,0.0,0.0,0.0,0.0,0.0,0.07,0.0,0.0,0.0,0.0,0.0,7,1981
1943003,8,1981,0.0,0.0,0.0,0.0,0.0,0.0,0.0,0.0,0.0,0.0,0.0,0.0,0.0,0.0,0.0,0.0,0.0,0.56,6.64,0.0,0.0,0.0,0.0,0.0,0.0,0.0,0.0,0.0,0.0,0.0,0.0,8,1981
1943003,9,1981,0.0,0.0,0.0,0.0,0.0,0.0,0.0,0.0,0.0,0.0,0.0,0.0,0.0,0.0,0.0,0.0,0.0,0.0,0.0,0.0,0.0,0.0,0.0,0.0,0.0,0.0,0.0,0.0,0.0,2.01,,9,1981
1943003,10,1981,4.39,3.31,8.28,0.0,0.0,0.0,11.52,0.39,5.55,0.0,1.98,20.8,22.13,0.0,0.81,5.88,6.87,0.0,0.0,13.09,12.84,0.0,0.0,0.0,0.0,0.0,0.0,18.15,7.12,16.57,5.38,10,1981
1943003,11,1981,0.14,13.42,5.6,2.44,25.52,0.0,12.3,0.0,0.0,17.79,49.07,14.63,31.57,38.83,30.36,0.89,0.52,0.05,0.0,0.0,30.45,0.7,13.23,0.0,3.83,4.86,100.16,0.0,0.0,19.75,,11,1981
1943003,12,1981,2.66,0.1,26.4,0.0,0.0,0.0,0.0,0.0,10.41,2.46,0.29,0.0,48.15,3.85,0.0,0.0,9.02,14.88,0.0,0.0,0.0,0.0,0.0,0.0,3.46,2.56,10.91,40.9,41.89,0.0,6.73,12,1981
1943003,1,1982,3.73,2.13,0.0,7.36,126.59,4.37,5.01,0.0,0.0,0.0,0.0,17.6,19.1,0.0,0.36,15.04,0.0,0.0,0.79,10.13,40.98,0.15,19.1,76.21,5.76,0.0,0.0,0.0,0.0,0.0,0.0,1,1982
1943003,2,1982,0.0,12.24,0.0,0.0,0.0,0.0,0.0,0.0,0.0,0.0,0.0,0.0,0.0,0.0,0.07,0.0,0.0,0.0,0.0,0.0,0.0,0.0,0.0,0.0,6.21,0.29,12.13,0.0,,,,2,1982
1943003,3,1982,0.0,20.25,19.03,109.26,0.82,6.16,0.0,15.59,5.25,0.0,0.62,0.0,22.08,2.61,5.96,0.01,0.0,4.94,21.77,0.0,74.49,0.0,23.7,35.86,14.57,0.52,10.62,0.0,20.76,0.0,0.0,3,1982
1943003,4,1982,0.0,0.0,0.0,0.0,2.84,14.26,6.45,0.0,7.85,0.0,0.0,0.0,0.0,0.8,11.86,3.84,4.34,2.14,9.75,0.0,0.0,0.0,0.0,0.0,0.0,0.0,0.0,0.0,0.0,0.7,,4,1982
1943003,5,1982,0.0,0.0,0.0,0.0,0.0,0.0,0.0,0.0,0.0,0.0,0.0,0.0,0.0,0.0,0.0,0.0,0.0,0.0,2.83,9.57,0.0,15.95,0.0,0.0,0.0,4.86,0.14,0.0,0.0,0.0,0.0,5,1982
1943003,6,1982,0.0,0.0,0.53,0.0,0.0,0.0,0.0,0.0,0.0,0.0,0.0,0.0,0.0,0.0,0.0,0.0,0.0,0.0,0.0,0.0,0.0,0.0,0.0,0.0,0.0,0.0,0.0,0.0,0.0,0.0,,6,1982
1943003,7,1982,0.0,0.0,0.0,0.0,0.0,0.0,0.0,0.0,0.0,0.0,0.0,0.0,0.0,0.0,0.0,0.0,0.0,0.0,0.0,0.0,0.0,0.0,0.0,0.0,0.0,0.0,0.0,0.0,0.0,0.0,0.0,7,1982
1943003,8,1982,0.0,0.0,0.0,0.0,0.0,0.0,0.0,0.0,0.0,0.0,0.0,0.0,3.82,3.11,6.22,0.0,0.0,0.0,0.0,0.0,0.0,0.0,0.0,0.0,0.0,0.0,0.0,0.0,0.0,0.0,0.0,8,1982
1943003,9,1982,0.0,0.0,0.0,0.0,0.0,0.0,0.0,0.0,0.0,0.0,0.0,0.0,0.0,0.0,0.0,0.0,3.41,0.0,0.0,0.0,0.0,0.0,0.0,0.0,0.0,0.0,0.0,0.69,0.0,0.0,,9,1982
1943003,10,1982,0.0,0.0,0.0,0.48,0.0,0.0,0.0,0.0,0.0,0.0,0.0,3.0,0.06,0.0,0.0,0.0,0.0,0.0,0.0,9.22,0.0,0.0,0.0,0.0,0.0,0.0,0.0,0.0,0.0,0.0,0.0,10,1982
1943003,11,1982,0.0,0.0,0.0,0.0,0.0,0.0,0.0,0.0,0.0,0.0,0.0,0.0,46.91,9.49,0.0,0.0,0.0,59.57,0.0,0.0,0.0,0.0,0.0,0.0,0.0,0.0,3.54,0.0,0.0,0.0,,11,1982
1943003,12,1982,0.0,0.39,30.5,44.01,13.12,0.0,0.0,0.59,15.5,6.46,0.0,0.0,0.0,0.0,0.0,0.0,15.3,0.0,0.0,25.04,23.15,24.34,0.0,15.6,7.85,2.09,0.0,12.22,8.45,4.08,7.56,12,1982
1943003,1,1983,23.0,0.57,6.24,26.1,3.57,33.78,15.1,0.25,18.73,0.0,0.0,0.0,5.39,33.04,54.49,2.08,9.55,21.19,3.68,4.96,8.59,37.31,6.14,4.22,0.0,6.78,4.86,2.08,5.5,0.0,0.0,1,1983
1943003,2,1983,0.0,5.3,10.1,2.28,0.0,0.0,0.0,11.22,7.76,11.22,11.22,63.94,14.12,0.63,0.0,0.0,0.0,0.0,0.0,0.0,0.0,5.64,0.0,0.0,0.0,0.0,4.18,3.4,,,,2,1983
1943003,3,1983,38.73,7.51,16.02,4.97,4.06,0.0,0.0,0.0,0.41,0.0,0.0,0.0,0.0,4.16,0.0,3.25,0.0,0.0,0.0,22.51,21.6,0.01,5.99,3.35,0.0,3.45,0.21,0.0,0.0,0.0,0.41,3,1983
1943003,4,1983,0.0,0.0,3.18,0.0,0.0,0.0,10.19,58.49,0.0,0.0,0.0,0.6,18.21,0.0,0.0,0.0,0.0,0.0,0.0,0.0,0.0,0.0,3.28,0.0,0.0,1.87,5.18,0.0,0.0,0.0,,4,1983
1943003,5,1983,0.0,0.0,0.0,0.0,2.4,0.0,0.0,0.0,0.0,0.0,0.0,0.0,0.0,0.0,0.0,0.0,0.0,0.0,0.0,0.0,0.0,0.0,0.0,0.0,0.0,27.71,4.62,0.0,0.0,9.51,0.0,5,1983
1943003,6,1983,0.0,0.0,0.0,0.0,0.0,0.0,0.0,0.0,0.0,0.0,0.0,0.0,0.0,0.0,0.0,0.0,0.0,0.0,0.0,0.0,0.0,0.0,0.0,0.0,0.0,0.0,0.0,0.0,0.0,0.0,,6,1983
1943003,7,1983,0.0,0.0,0.0,0.0,0.0,0.0,0.0,0.0,0.0,0.0,0.0,0.0,0.0,0.0,0.0,0.0,0.0,0.0,0.0,0.0,13.68,0.0,0.0,0.0,0.0,0.0,0.0,0.0,0.0,0.0,0.0,7,1983
1943003,8,1983,0.0,0.0,0.0,0.0,0.0,0.0,0.0,0.0,0.0,0.0,0.0,0.0,0.0,0.0,0.0,0.0,0.0,0.0,0.0,0.0,0.0,0.0,0.0,0.0,0.0,0.0,0.0,0.0,0.0,0.0,0.0,8,1983
1943003,9,1983,0.0,0.0,0.0,0.0,0.0,0.0,0.04,0.0,2.53,0.04,0.36,0.0,4.86,5.66,0.0,0.0,0.0,2.05,0.0,0.0,0.0,0.0,0.0,14.74,8.96,0.0,0.0,2.29,8.24,9.44,,9,1983
1943003,10,1983,2.42,0.0,0.0,0.0,0.0,0.0,0.0,0.0,0.0,0.0,0.0,4.82,11.12,17.59,14.27,0.98,0.0,0.89,0.0,11.87,32.35,0.0,7.81,15.6,0.56,0.0,0.0,0.0,0.0,10.13,0.0,10,1983
1943003,11,1983,0.0,0.33,11.7,9.74,7.79,43.71,0.0,9.55,0.0,0.0,0.0,10.02,18.12,0.98,0.0,33.75,16.72,7.32,0.0,0.0,0.0,6.86,0.33,0.0,0.0,0.0,0.0,0.14,0.0,0.05,,11,1983
1943003,12,1983,7.25,9.83,73.5,21.26,2.98,3.18,18.08,56.02,4.67,20.76,4.67,26.02,16.29,0.0,5.96,2.19,7.65,0.0,0.0,0.0,0.0,3.87,0.0,71.91,6.06,46.88,6.06,0.0,0.0,0.0,0.0,12,1983
1943003,1,1984,0.0,0.15,0.0,0.0,0.0,0.0,11.08,0.0,11.51,0.0,0.0,0.0,0.0,0.0,0.0,0.0,0.0,0.0,0.0,0.0,0.0,21.33,13.11,36.92,1.9,0.0,13.65,9.38,0.0,0.0,0.0,1,1984
1943003,2,1984,0.0,0.0,0.0,0.0,0.0,0.0,0.0,22.4,0.0,0.0,4.19,2.96,0.0,2.96,0.0,0.0,0.0,0.0,0.0,0.0,0.0,0.0,0.0,0.0,0.0,0.0,0.0,0.0,0.0,,,2,1984
1943003,3,1984,0.0,0.0,0.0,0.0,0.0,0.0,13.32,11.2,7.34,0.0,0.0,0.0,0.0,10.28,5.42,0.0,0.0,0.0,0.0,0.0,0.0,0.01,14.14,2.07,0.0,0.0,0.0,35.93,0.01,0.0,9.67,3,1984
1943003,4,1984,0.4,0.0,0.0,0.0,5.24,7.25,4.54,0.0,0.0,0.0,0.0,0.0,0.0,0.0,0.0,0.0,0.0,0.0,0.0,0.0,0.0,0.0,0.0,0.0,0.0,0.0,0.0,0.0,0.0,0.0,,4,1984
1943003,5,1984,0.0,0.0,0.0,0.0,0.0,0.0,0.0,0.0,0.0,0.0,0.0,0.0,0.0,0.0,0.0,3.42,9.51,0.0,0.0,0.0,0.0,0.0,0.0,0.0,0.0,0.0,0.0,0.0,0.0,0.0,0.0,5,1984
1943003,6,1984,0.0,0.0,0.0,0.0,0.0,0.0,0.0,0.0,0.0,0.0,0.0,0.0,0.0,0.0,0.0,0.0,0.0,0.0,0.0,0.0,0.0,0.0,0.0,0.0,0.0,0.0,0.0,0.0,0.0,0.0,,6,1984
1943003,7,1984,0.0,0.0,0.0,0.0,0.0,0.0,0.0,0.0,0.0,0.0,0.0,0.0,0.0,0.0,0.0,0.0,0.0,0.0,0.0,0.0,0.0,0.0,0.0,0.0,0.0,0.0,0.0,0.0,0.0,0.0,0.0,7,1984
1943003,8,1984,0.0,0.0,0.0,0.0,0.0,0.0,0.0,0.0,0.0,0.0,0.0,0.0,0.0,0.0,0.0,0.0,12.74,0.0,0.0,0.0,0.0,0.0,0.0,0.0,0.0,21.8,0.0,0.0,21.18,0.0,0.0,8,1984
1943003,9,1984,2.01,0.0,0.0,0.0,0.0,0.0,0.0,0.0,7.71,0.0,0.0,0.0,0.0,0.0,0.0,0.0,0.0,6.43,7.88,0.0,9.32,0.0,0.0,0.0,0.0,0.0,7.55,0.0,0.0,0.0,,9,1984
1943003,10,1984,0.0,0.0,0.0,0.0,0.0,0.0,0.0,0.0,0.0,0.0,0.0,,0.0,0.0,0.0,0.0,0.0,0.0,0.0,,,0.0,0.0,0.0,0.0,,0.0,0.0,0.0,0.0,0.0,10,1984
1943003,11,1984,0.0,0.0,0.0,0.0,0.0,0.0,0.0,0.0,0.0,0.0,0.0,,,,0.0,0.0,0.0,0.0,,,,,,,0.0,0.0,,,,0.0,,11,1984
1943003,12,1984,,,,,,,0.0,0.0,,,,,,0.0,,,0.0,,0.0,0.0,0.0,,0.0,0.0,0.0,0.0,,,,0.0,,12,1984
1943003,1,1985,9.74,0.0,9.53,2.27,8.36,0.0,10.81,9.74,10.7,7.72,0.0,10.81,10.81,0.0,0.0,0.0,25.01,14.76,20.1,17.11,26.29,21.38,13.48,16.68,26.72,31.2,40.17,15.19,25.22,19.46,2.81,1,1985
1943003,2,1985,0.0,0.0,0.0,0.0,0.0,0.0,11.63,0.0,0.0,0.0,0.0,0.0,0.0,0.0,0.0,0.0,0.0,0.0,0.0,0.0,0.0,0.0,25.48,22.13,21.69,44.25,27.94,1.8,,,,2,1985
1943003,3,1985,0.0,1.94,0.0,0.0,0.0,0.0,0.0,3.97,2.14,0.41,27.69,0.0,8.63,50.2,0.0,8.83,33.77,32.76,25.46,37.83,0.0,0.0,0.41,0.0,0.0,0.0,0.0,2.35,0.0,4.98,0.0,3,1985
1943003,4,1985,0.0,0.0,0.0,0.0,0.0,0.0,0.0,0.0,0.0,0.0,0.0,0.0,0.0,7.92,0.0,0.0,0.0,0.0,0.0,0.0,0.0,0.0,0.0,0.0,0.0,0.0,0.0,0.0,0.0,0.0,,4,1985
1943003,5,1985,0.0,3.75,0.0,2.46,0.0,3.75,0.0,0.0,0.0,0.0,15.2,18.34,0.32,0.88,0.0,0.0,0.0,0.0,0.0,0.0,0.0,0.0,0.0,0.0,0.0,0.0,0.0,0.0,0.0,0.0,0.0,5,1985
1943003,6,1985,0.0,0.0,0.0,0.0,0.0,0.0,0.0,0.0,0.0,0.0,0.0,0.0,0.0,0.0,0.0,0.0,0.0,0.0,0.0,0.0,0.0,0.0,0.0,0.0,0.0,0.0,0.0,0.0,0.0,0.0,,6,1985
1943003,7,1985,0.0,0.0,0.0,0.0,0.0,0.0,0.0,0.0,0.0,0.0,0.0,0.0,0.0,0.0,0.0,0.0,0.0,0.0,0.0,0.0,0.0,0.0,0.0,0.0,0.0,0.0,0.0,0.0,0.0,0.0,0.0,7,1985
1943003,8,1985,0.0,0.0,0.0,0.0,0.0,0.0,0.0,0.0,0.0,0.0,0.0,0.0,0.0,0.0,0.0,0.0,0.0,0.0,0.47,5.1,0.0,0.0,9.36,0.0,0.0,0.0,0.0,0.0,0.0,0.0,0.0,8,1985
1943003,9,1985,0.0,0.0,0.0,0.0,0.0,13.18,2.89,0.0,0.0,0.0,0.0,0.0,0.0,0.0,0.0,0.0,0.0,0.0,0.0,0.0,0.0,0.0,0.0,7.07,4.5,11.25,0.0,0.0,3.86,4.02,,9,1985
1943003,10,1985,0.0,6.59,10.73,4.1,0.0,0.0,0.0,0.23,2.77,0.0,0.0,0.0,0.0,0.0,0.0,0.0,0.0,5.43,0.0,0.0,0.0,24.0,0.0,28.97,13.05,0.0,0.0,0.0,0.56,12.72,3.77,10,1985
1943003,11,1985,0.0,0.0,0.0,5.08,19.41,0.33,0.0,0.0,0.0,0.0,0.0,0.0,0.0,0.0,0.0,0.0,0.0,0.0,0.0,0.0,0.0,3.03,24.53,5.45,27.79,15.32,12.71,94.62,7.5,6.94,,11,1985
1943003,12,1985,49.78,0.0,0.0,8.86,16.01,0.0,0.0,0.79,0.0,0.0,0.0,0.0,0.0,0.0,18.2,13.03,9.26,4.69,0.0,0.0,0.0,24.75,0.79,10.05,21.57,16.01,9.26,43.62,4.49,3.89,0.39,12,1985
1943003,1,1986,7.75,14.37,19.49,78.2,0.0,76.07,42.33,26.11,3.27,30.17,15.01,0.0,0.0,22.05,0.68,7.53,0.0,0.0,0.0,0.0,0.0,0.0,0.0,0.0,0.0,0.0,0.0,0.0,18.0,0.0,0.0,1,1986
1943003,2,1986,0.0,0.0,0.0,5.59,0.0,50.71,0.0,0.0,0.0,0.0,0.0,0.0,0.0,21.22,6.03,0.0,0.0,7.37,24.8,6.48,0.0,0.0,0.0,0.0,0.0,0.0,0.0,0.0,,,,2,1986
1943003,3,1986,0.0,0.0,0.0,0.0,0.0,0.0,0.0,0.0,0.0,0.0,0.0,0.0,0.0,0.0,0.0,0.0,0.0,0.0,0.0,0.0,0.0,0.62,0.0,0.0,0.0,0.0,0.0,0.0,3.24,0.0,0.0,3,1986
1943003,4,1986,0.0,0.0,0.0,0.0,0.0,0.0,0.0,0.0,0.0,0.0,0.0,0.0,0.0,0.0,0.0,0.0,4.81,0.0,0.0,0.0,0.0,0.0,14.03,0.0,0.0,0.0,0.0,2.81,0.0,0.0,,4,1986
1943003,5,1986,0.0,0.0,0.0,0.0,0.0,0.0,0.51,0.0,0.0,0.0,0.0,0.0,0.0,19.86,0.0,0.0,0.0,0.0,0.0,0.0,0.0,0.51,0.0,0.0,0.0,0.0,0.0,0.0,0.0,0.0,0.0,5,1986
1943003,6,1986,10.15,0.0,0.0,0.0,0.0,0.0,0.0,0.0,0.0,0.0,1.88,2.63,0.0,0.0,0.0,0.0,0.0,0.0,0.0,0.0,0.0,0.0,0.0,0.0,0.0,0.0,0.0,0.0,0.0,0.0,,6,1986
1943003,7,1986,0.0,0.0,0.0,0.0,0.0,0.0,0.0,0.0,0.0,0.0,0.0,0.0,0.0,0.0,0.0,0.0,0.0,0.0,0.0,0.0,0.0,0.0,0.0,23.69,0.0,0.0,0.0,0.0,0.0,0.0,0.0,7,1986
1943003,8,1986,0.0,0.0,0.0,0.0,0.0,0.0,0.0,0.0,0.0,0.0,0.0,0.0,0.0,0.0,0.0,0.0,0.0,0.0,0.0,0.0,6.11,6.11,0.0,0.0,0.0,50.18,10.2,5.05,0.0,0.0,0.0,8,1986
1943003,9,1986,0.0,0.0,0.0,0.0,0.0,0.0,0.0,0.0,0.0,0.0,0.0,0.0,0.0,0.0,0.0,0.0,0.0,0.0,0.0,0.0,0.0,0.0,0.0,0.0,0.0,0.0,0.0,0.04,0.0,12.89,,9,1986
1943003,10,1986,0.0,0.0,0.0,0.0,0.0,0.0,0.0,0.0,0.0,0.0,0.0,0.0,13.1,0.0,0.0,0.0,0.0,0.0,0.0,0.0,0.0,0.0,9.78,0.0,0.0,0.0,0.0,0.0,0.0,0.0,0.0,10,1986
1943003,11,1986,0.0,0.0,0.0,0.0,0.0,0.0,0.0,0.0,0.0,12.1,0.0,16.38,23.83,4.65,14.15,0.0,0.0,0.0,0.0,0.0,0.0,0.0,0.0,0.0,0.0,0.0,0.0,35.18,5.58,2.05,,11,1986
1943003,12,1986,2.71,5.49,0.0,0.0,0.0,0.0,0.0,3.9,6.68,12.05,19.0,24.96,0.0,0.0,4.5,11.45,0.99,0.0,0.0,0.0,0.0,0.0,13.64,14.63,14.83,14.83,4.9,0.79,4.5,3.11,16.02,12,1986
1943003,1,1987,23.1,0.0,0.0,0.0,0.0,0.0,0.0,0.0,0.0,0.0,0.0,0.0,0.0,0.0,0.0,0.0,0.0,0.0,2.39,6.02,0.0,3.24,10.5,9.01,6.87,3.45,34.63,2.6,3.45,0.0,0.0,1,1987
1943003,2,1987,0.0,0.0,0.0,0.0,0.0,0.0,0.0,0.0,0.0,0.0,16.81,2.96,0.0,0.0,0.0,0.0,0.0,0.0,0.0,0.0,0.0,0.0,0.0,0.0,0.0,0.0,0.0,0.0,,,,2,1987
1943003,3,1987,0.0,0.0,0.0,0.0,2.65,0.0,23.34,0.0,36.92,5.49,46.45,40.37,18.67,3.87,0.0,0.0,3.06,0.0,0.0,0.0,0.0,17.05,50.71,0.0,0.0,0.0,0.0,0.0,0.0,0.0,0.0,3,1987
1943003,4,1987,0.0,0.0,0.0,40.44,0.0,60.28,0.0,25.21,0.0,0.0,0.0,0.0,0.0,0.0,0.0,0.0,0.0,0.0,0.0,0.0,0.0,0.0,0.0,0.0,8.58,0.0,0.0,0.0,0.0,5.37,,4,1987
1943003,5,1987,3.23,0.0,0.0,0.0,0.0,0.0,0.0,0.0,0.0,6.92,2.49,0.0,0.0,0.0,0.0,0.0,0.0,0.0,0.0,0.0,0.0,0.0,3.04,12.46,0.0,0.32,0.0,0.0,10.43,3.97,0.0,5,1987
1943003,6,1987,0.0,0.0,0.0,0.0,0.0,0.0,5.76,12.52,8.58,0.0,0.0,0.0,0.0,0.0,0.0,0.0,16.09,0.0,0.0,0.0,0.0,0.0,0.0,0.9,6.51,0.0,0.0,0.0,0.0,0.0,,6,1987
1943003,7,1987,0.0,0.0,0.0,0.0,0.0,0.0,0.0,0.0,0.0,12.33,0.0,0.0,0.0,0.0,0.0,0.0,0.0,0.0,0.0,0.0,0.0,0.0,0.0,0.0,0.0,0.0,0.0,0.0,0.0,0.0,0.0,7,1987
1943003,8,1987,0.0,0.0,0.0,0.0,0.0,0.0,0.64,0.0,0.0,0.0,0.0,0.0,0.0,0.0,0.0,0.0,0.0,0.0,0.0,0.0,0.0,0.0,0.0,0.0,0.0,0.0,0.0,0.0,0.0,0.0,0.0,8,1987
1943003,9,1987,0.0,0.0,0.0,0.0,0.0,0.0,0.0,0.0,11.18,0.0,0.0,0.0,0.0,0.0,0.0,0.0,0.0,0.0,16.81,20.02,0.0,8.93,7.33,13.59,0.0,0.0,0.0,0.0,0.0,0.0,,9,1987
1943003,10,1987,0.0,0.0,0.0,0.0,0.0,0.0,0.0,0.0,0.0,0.0,0.0,0.0,0.0,0.0,0.0,0.0,0.0,0.0,0.0,3.61,17.37,6.93,0.0,0.0,25.33,0.56,0.0,0.0,0.0,0.0,0.0,10,1987
1943003,11,1987,1.85,0.33,0.0,0.0,0.0,0.0,0.0,0.33,0.0,42.05,13.76,0.0,0.0,0.0,0.0,64.39,0.0,0.0,0.0,0.0,0.0,0.0,0.0,0.0,0.0,0.0,9.48,23.44,23.44,0.0,,11,1987
1943003,12,1987,0.0,21.45,4.97,20.06,16.09,9.14,40.72,23.44,24.83,0.0,21.45,21.06,23.44,24.83,9.34,4.77,0.0,0.0,17.68,12.51,13.51,16.69,18.47,0.0,10.53,0.0,0.0,0.0,0.0,0.0,0.0,12,1987
1943003,1,1988,0.0,14.73,11.0,7.37,26.69,26.69,48.36,17.4,5.76,6.19,7.37,26.69,0.0,0.0,0.0,0.0,0.0,0.0,0.0,0.0,0.0,0.0,0.0,0.0,0.0,0.0,,,,,,1,1988
1943003,2,1988,,,,,,0.0,0.41,0.0,30.2,32.77,49.63,46.51,0.18,0.0,0.0,0.0,0.0,5.96,0.0,0.0,0.0,0.0,4.28,3.5,14.11,0.0,0.0,0.0,0.0,,,2,1988
1943003,3,1988,0.0,0.0,0.0,0.0,45.39,50.76,0.0,0.0,5.04,0.0,0.0,0.0,0.0,0.0,0.0,0.0,0.0,10.21,24.4,0.0,0.0,0.0,0.0,0.0,0.0,0.0,0.0,0.0,0.0,0.0,11.63,3,1988
1943003,4,1988,0.0,0.0,9.22,0.0,0.0,0.0,0.0,0.0,0.0,0.4,0.0,5.21,2.2,18.24,0.0,0.0,0.0,12.83,0.0,0.4,0.0,0.0,0.0,0.0,0.0,0.0,0.0,0.0,11.22,0.0,,4,1988
1943003,5,1988,0.14,0.0,0.0,0.0,0.0,0.0,0.0,0.0,0.0,0.0,0.0,0.0,0.0,0.0,0.0,0.0,1.81,0.0,0.0,0.0,0.0,0.0,0.0,1.81,5.69,0.0,9.39,0.0,0.0,0.0,0.0,5,1988
1943003,6,1988,0.0,0.0,0.0,0.0,0.0,0.0,0.0,0.0,0.0,0.0,0.0,0.0,2.07,0.0,1.97,0.0,0.0,0.0,0.0,0.0,0.0,0.0,0.0,0.0,0.0,0.0,0.0,0.0,0.0,0.0,,6,1988
1943003,7,1988,0.0,0.0,0.0,0.0,0.0,0.0,0.0,0.0,0.0,0.0,0.0,0.0,0.0,0.0,0.0,0.0,0.0,0.0,0.0,0.0,0.0,0.0,0.0,0.0,0.0,0.0,0.0,0.0,0.0,0.0,0.0,7,1988
1943003,8,1988,0.0,0.0,0.0,0.0,0.0,0.0,0.0,0.0,0.0,0.0,0.0,0.0,0.0,0.0,0.0,0.0,0.0,0.0,0.0,0.0,0.0,0.0,0.0,0.0,0.0,0.0,0.0,0.0,0.0,0.0,0.0,8,1988
1943003,9,1988,0.0,0.0,0.0,0.0,0.0,0.0,0.0,0.0,0.0,0.0,0.0,0.0,0.0,0.0,0.0,0.0,0.0,0.0,0.0,0.0,0.0,0.0,0.0,0.0,0.0,0.0,0.0,0.0,0.0,0.0,,9,1988
1943003,10,1988,0.48,0.0,0.0,0.0,0.0,6.81,3.24,0.0,0.0,0.0,0.0,0.89,7.22,0.0,0.39,0.0,7.8,6.97,0.0,0.0,0.0,0.0,0.0,0.64,0.0,0.0,4.07,3.58,0.0,0.0,0.0,10,1988
1943003,11,1988,0.0,9.45,8.51,3.77,0.98,6.65,3.3,8.79,0.0,6.0,0.0,0.0,0.0,0.0,0.0,0.0,7.03,0.24,0.0,0.0,0.33,5.26,6.47,0.0,1.81,8.14,0.0,0.0,0.0,9.26,,11,1988
1943003,12,1988,17.88,10.93,0.0,0.0,0.0,1.99,0.0,0.0,0.0,20.36,20.86,25.63,61.58,12.22,25.82,3.68,13.91,4.37,5.96,0.0,18.67,5.76,3.18,8.34,12.12,0.0,0.0,0.0,0.0,0.0,0.0,12,1988
1943003,1,1991,0.0,0.0,0.0,0.0,0.68,12.5,10.47,0.0,0.0,12.39,17.94,20.93,8.12,0.47,9.93,31.82,14.31,3.1,0.47,0.0,0.0,0.0,0.0,0.0,0.0,4.92,1.82,11.21,18.15,16.44,1.82,1,1991
1943003,2,1991,0.0,0.0,0.0,0.0,0.0,0.0,0.0,0.0,0.29,0.0,0.0,9.21,2.4,0.0,12.45,36.8,2.73,0.0,44.85,2.51,0.0,0.0,0.0,0.0,0.0,0.0,0.0,0.0,,,,2,1991
1943003,3,1991,0.0,0.0,0.0,0.0,0.0,0.0,0.0,0.0,0.0,0.0,0.0,0.0,0.0,20.28,0.0,0.0,0.0,0.0,0.0,0.0,6.29,39.13,63.06,31.43,0.0,0.0,0.0,0.0,0.0,0.0,0.0,3,1991
1943003,4,1991,0.0,0.0,0.0,0.0,0.0,0.0,0.0,0.0,0.0,0.0,0.0,0.0,0.0,0.0,0.0,0.0,0.0,0.0,0.0,0.0,0.0,0.0,0.0,0.0,0.0,0.0,0.0,0.0,0.0,0.0,,4,1991
1943003,5,1991,0.0,0.0,0.0,0.0,0.0,0.0,0.0,0.0,0.0,0.0,0.0,0.0,0.0,0.0,0.0,0.0,0.0,0.0,0.0,0.0,42.95,0.0,0.0,0.0,0.0,0.0,0.0,0.0,0.0,0.0,0.0,5,1991
1943003,6,1991,0.0,0.0,0.0,0.0,0.0,0.0,0.0,0.0,0.0,0.0,0.0,0.0,0.0,0.0,0.0,0.0,0.0,0.0,0.0,0.0,0.0,0.0,0.0,0.0,0.0,0.0,0.0,0.0,0.0,0.0,,6,1991
1943003,7,1991,0.0,0.0,0.0,0.0,0.0,0.0,0.0,0.0,0.0,0.0,0.0,0.0,0.0,0.0,0.0,0.0,0.0,0.0,0.0,0.0,0.0,0.0,0.0,0.0,0.0,0.0,0.0,0.0,0.0,0.0,0.0,7,1991
1943003,8,1991,0.0,0.0,0.0,0.0,0.0,0.0,0.0,0.0,0.0,0.0,0.0,0.0,0.0,0.0,0.0,0.0,0.0,0.0,0.0,0.0,0.0,0.0,0.0,0.0,0.0,0.0,0.0,0.0,0.0,0.0,0.0,8,1991
1943003,9,1991,0.0,0.0,0.0,0.0,0.0,0.0,0.0,0.0,0.0,0.0,0.0,0.0,0.0,0.0,0.0,0.0,0.0,0.0,0.0,0.0,0.0,0.0,0.0,0.0,0.0,0.0,0.0,0.0,0.0,0.0,,9,1991
1943003,10,1991,0.0,0.0,0.0,0.0,0.0,0.0,8.46,3.81,0.0,0.0,0.0,0.0,0.0,0.0,0.0,0.0,0.0,0.0,0.0,0.0,0.0,0.0,0.0,0.0,0.0,0.0,0.0,0.0,0.0,0.0,0.0,10,1991
1943003,11,1991,7.45,3.54,4.93,7.26,9.31,0.0,0.0,6.05,9.31,12.1,0.0,0.0,0.0,37.23,68.22,18.61,4.65,7.45,6.52,0.0,8.38,0.0,0.0,5.86,0.0,0.0,55.84,0.0,0.0,0.0,,11,1991
1943003,12,1991,0.0,12.25,44.24,0.0,0.0,0.0,0.0,46.52,0.0,0.0,0.0,0.0,0.0,0.0,0.0,13.05,0.0,14.54,0.0,5.6,0.0,0.0,0.0,0.0,0.0,0.0,23.58,3.91,0.0,0.0,0.0,12,1991
1943003,1,1992,0.68,0.0,3.04,25.67,48.41,19.27,42.75,0.0,0.0,21.4,0.0,0.0,49.48,53.43,106.8,8.27,12.01,7.85,4.86,25.25,16.6,12.01,26.63,33.68,5.5,0.47,1.66,0.0,0.0,42.75,23.11,1,1992
1943003,2,1992,11.28,11.28,44.79,38.08,13.73,9.6,4.91,0.0,0.74,11.28,0.0,0.0,6.03,0.0,0.0,0.0,0.0,0.0,0.0,0.0,0.0,0.0,0.0,0.0,0.0,0.0,0.0,6.7,25.24,,,2,1992
1943003,3,1992,36.29,0.0,10.14,0.0,0.0,0.0,0.0,0.0,0.0,0.0,0.0,0.0,0.0,5.98,0.0,0.0,0.0,0.0,0.0,0.0,0.0,0.0,0.0,0.0,0.0,0.0,0.0,0.0,0.0,0.0,0.0,3,1992
1943003,4,1992,0.0,0.0,0.0,0.0,0.0,0.0,0.0,0.0,26.47,0.0,0.0,0.0,0.0,0.0,0.0,15.15,22.16,0.3,0.0,0.0,0.0,3.23,14.15,0.0,0.0,0.0,0.0,0.0,0.0,0.0,,4,1992
1943003,5,1992,0.0,0.0,0.0,0.0,0.0,0.0,11.82,16.17,0.0,0.0,0.0,0.0,0.0,0.0,0.0,0.0,0.0,0.0,0.0,0.0,0.0,0.0,0.0,0.0,0.0,0.0,0.0,0.0,0.0,0.0,0.0,5,1992
1943003,6,1992,0.0,0.0,0.0,0.0,0.0,0.0,0.0,0.0,0.0,0.0,0.0,0.0,0.0,0.0,0.0,0.0,0.0,0.0,0.0,0.0,4.98,0.0,0.0,0.0,0.0,0.0,3.29,6.58,0.0,0.0,,6,1992
1943003,7,1992,0.0,0.0,0.0,0.0,0.0,0.0,0.0,0.0,0.0,0.0,0.0,0.0,4.91,0.0,0.0,0.0,0.0,0.0,0.0,0.0,0.0,0.0,0.0,0.0,0.0,0.0,0.0,0.0,0.0,0.0,0.0,7,1992
1943003,8,1992,0.0,0.0,0.0,0.0,0.0,0.0,0.0,0.0,0.0,0.0,0.0,0.0,0.0,1.87,0.0,0.0,0.0,0.0,0.0,0.0,0.0,0.0,0.0,0.0,0.0,0.0,0.0,0.0,0.0,0.0,0.0,8,1992
1943003,9,1992,0.0,0.0,0.0,0.0,0.0,0.0,13.03,0.0,0.0,0.0,0.0,0.0,0.0,0.0,0.0,0.0,5.95,0.0,0.0,2.98,0.0,0.0,0.0,0.36,0.0,0.0,4.19,19.61,0.0,0.0,,9,1992
1943003,10,1992,0.0,0.0,4.63,19.22,0.0,11.01,0.0,10.18,0.0,37.04,0.0,0.0,0.0,0.0,0.0,0.0,0.0,0.0,0.0,0.0,0.0,4.21,0.0,0.0,0.0,0.64,0.0,0.0,0.15,2.22,2.97,10,1992
1943003,11,1992,11.21,38.29,4.97,6.74,66.77,53.27,28.89,0.05,3.11,27.96,4.69,0.0,0.0,0.0,0.0,0.0,0.0,2.18,4.6,13.91,0.0,9.34,0.0,0.0,0.0,0.0,25.17,0.0,5.06,0.0,,11,1992
1943003,12,1992,0.0,4.49,17.9,3.1,0.0,0.0,0.0,5.28,8.96,9.06,28.13,24.75,8.56,7.27,0.0,0.0,7.96,5.48,9.95,9.06,11.44,0.0,0.0,0.0,0.0,0.0,11.54,40.24,46.4,0.0,0.0,12,1992
1943003,1,1993,0.0,0.0,0.0,16.23,0.0,18.89,10.67,0.0,89.99,4.8,0.0,0.0,0.0,0.0,0.0,0.0,0.0,0.0,0.0,10.14,18.68,57.22,10.67,0.0,0.0,0.0,0.0,0.0,0.0,0.0,0.0,1,1993
1943003,2,1993,0.0,0.0,0.0,0.0,0.0,0.0,0.0,0.0,0.0,0.0,0.0,0.0,0.0,40.99,6.26,63.0,0.0,0.0,0.0,0.0,0.0,0.0,0.0,0.0,0.0,0.0,0.0,0.0,,,,2,1993
1943003,3,1993,0.0,0.0,0.0,0.0,0.0,0.0,0.0,0.0,0.0,0.0,0.0,0.0,0.0,0.0,0.0,16.22,26.97,0.0,0.0,0.0,0.0,0.0,0.0,0.0,0.0,0.0,0.0,0.0,0.0,0.0,0.0,3,1993
1943003,4,1993,20.05,0.0,2.62,0.0,9.13,0.0,15.95,0.0,0.0,20.05,9.53,0.0,0.0,0.0,0.0,0.0,0.0,0.0,0.0,0.0,0.0,0.0,0.0,0.0,0.0,0.0,0.0,0.0,0.0,2.62,,4,1993
1943003,5,1993,0.0,0.0,0.0,0.0,8.41,0.0,0.0,0.0,0.0,0.0,0.0,0.0,0.0,0.0,0.0,0.0,0.0,0.0,0.0,0.0,0.0,0.0,0.0,0.0,0.0,0.0,0.0,0.0,0.0,0.0,0.0,5,1993
1943003,6,1993,0.34,0.0,0.0,0.0,0.0,0.0,0.0,0.0,0.0,0.0,0.0,0.0,0.0,0.0,0.0,0.0,0.0,0.0,0.0,0.0,0.0,0.0,0.0,0.0,0.0,0.0,0.0,0.0,0.0,0.0,,6,1993
1943003,7,1993,0.0,0.0,0.0,0.0,0.0,0.0,0.0,0.0,0.0,0.0,0.0,0.0,0.0,0.0,0.0,0.0,0.0,0.0,0.0,0.0,0.0,0.0,0.0,0.0,0.0,0.0,0.0,0.0,0.0,0.0,0.0,7,1993
1943003,8,1993,0.0,0.0,0.0,0.0,0.0,0.0,0.0,0.0,0.0,0.0,0.0,0.0,0.0,0.0,0.0,0.0,0.0,0.0,0.0,6.31,0.0,7.11,0.0,0.0,0.0,0.0,0.0,0.0,0.0,0.0,0.0,8,1993
1943003,9,1993,0.0,0.0,0.0,0.0,0.0,0.0,0.0,0.0,0.0,0.0,0.0,0.0,0.0,0.0,0.0,0.0,0.0,0.0,0.0,0.0,0.0,18.72,0.0,9.32,0.0,18.56,0.0,0.0,10.53,1.69,,9,1993
1943003,10,1993,0.0,0.0,0.0,9.86,0.0,0.0,0.98,0.0,0.0,0.0,0.0,0.0,0.0,0.0,0.0,0.0,0.0,0.0,0.0,0.0,0.0,0.0,0.0,0.64,9.94,2.31,4.55,3.97,0.0,0.0,0.0,10,1993
1943003,11,1993,0.0,0.0,0.0,11.63,0.0,0.0,10.7,0.0,0.0,0.0,0.0,0.0,0.0,0.0,0.0,0.0,0.0,0.0,0.0,14.8,0.0,0.0,0.0,0.0,0.0,0.0,17.68,7.45,0.0,0.0,,11,1993
1943003,12,1993,0.0,3.77,7.45,0.0,0.0,0.0,0.0,0.0,0.0,29.8,28.51,22.35,22.84,0.0,0.0,0.0,5.46,2.98,12.71,14.4,15.89,34.37,8.24,5.96,0.0,0.0,0.0,0.0,9.44,0.0,15.99,12,1993
1943003,1,1994,57.67,0.0,0.0,41.12,6.97,9.1,0.0,2.48,0.0,9.1,10.17,6.65,0.0,0.0,0.0,5.26,0.0,0.0,0.0,0.0,0.0,13.58,9.63,0.0,0.0,9.63,0.0,0.0,0.0,0.0,0.0,1,1994
1943003,2,1994,0.0,0.0,0.0,0.0,0.0,0.0,0.0,0.0,0.0,0.0,0.0,0.0,0.0,0.0,0.0,0.0,0.0,0.0,0.0,0.0,0.0,0.0,0.0,0.0,0.0,0.0,11.95,0.0,,,,2,1994
1943003,3,1994,0.0,0.0,0.92,18.91,6.85,28.04,67.07,6.75,0.0,0.0,0.0,0.0,0.0,8.78,3.3,0.41,0.0,0.0,13.85,10.8,15.37,0.0,0.0,2.49,0.0,0.0,0.0,5.23,0.0,0.0,0.0,3,1994
1943003,4,1994,0.0,35.17,0.0,0.0,0.0,0.0,0.0,0.0,33.07,0.0,0.0,0.0,0.0,0.0,0.0,20.04,0.0,0.0,0.0,0.0,0.0,0.0,0.0,0.0,3.51,0.0,0.0,0.0,0.0,16.03,,4,1994
1943003,5,1994,0.0,0.0,2.46,0.0,0.0,0.0,0.0,0.0,0.0,0.0,0.0,0.0,0.0,0.0,4.95,0.0,0.0,0.0,24.26,0.0,0.0,0.0,0.69,0.0,0.0,0.0,0.0,0.0,3.01,0.0,0.0,5,1994
1943003,6,1994,0.0,0.0,0.0,0.0,0.0,0.0,0.0,0.0,0.0,0.0,0.0,0.0,0.0,0.0,0.0,0.0,0.0,0.0,0.0,0.0,0.0,0.0,12.5,0.0,0.0,1.88,0.0,0.0,0.0,0.0,,6,1994
1943003,7,1994,0.0,0.0,0.0,0.0,0.0,0.0,0.0,0.0,0.0,0.0,0.0,0.0,0.0,0.0,0.0,0.0,0.0,0.0,0.0,0.0,0.0,0.0,0.0,5.68,0.0,0.0,0.0,0.0,0.0,0.0,0.0,7,1994
1943003,8,1994,0.0,0.0,0.0,0.0,0.0,0.0,0.0,0.0,0.0,0.0,0.0,0.0,0.0,0.0,0.0,0.0,0.0,0.0,0.0,0.0,0.0,0.0,0.0,0.0,0.0,0.0,0.0,0.0,0.0,0.0,0.0,8,1994
1943003,9,1994,0.0,0.0,0.0,0.0,0.0,0.0,0.0,0.0,0.0,0.0,3.17,0.0,0.0,0.0,0.0,0.0,0.0,0.0,0.0,0.0,0.0,0.0,0.0,0.0,0.0,0.0,0.0,0.36,0.0,0.0,,9,1994
1943003,10,1994,0.0,0.0,0.0,0.0,0.0,0.0,7.55,0.0,3.66,0.0,0.0,0.0,0.0,0.0,0.0,0.0,0.0,0.0,0.0,0.0,0.0,0.0,0.0,0.0,0.0,0.0,0.0,0.0,0.0,0.23,0.0,10,1994
1943003,11,1994,0.0,0.0,6.6,0.0,0.0,0.0,0.0,0.0,0.0,0.0,0.52,0.61,0.0,0.0,0.0,0.0,0.0,0.0,0.0,0.0,0.0,0.0,0.0,0.0,0.0,0.0,0.0,0.0,0.0,0.0,,11,1994
1943003,12,1994,2.53,0.49,0.0,0.0,0.0,33.42,33.52,76.42,20.8,0.0,0.0,0.0,0.0,0.0,44.14,37.09,7.2,5.71,8.49,4.51,0.0,5.8,4.71,17.43,5.21,21.4,0.0,0.0,0.0,0.0,0.0,12,1994
1943003,1,1995,0.0,0.0,0.0,0.0,0.0,0.0,0.0,0.0,0.0,0.0,0.0,0.0,0.0,0.0,0.0,0.0,0.0,0.0,0.0,0.0,0.0,22.95,18.15,30.21,0.0,0.0,0.0,11.64,0.0,0.0,3.95,1,1995
1943003,2,1995,4.97,10.44,69.31,0.96,0.0,0.0,0.0,35.35,49.31,16.92,9.88,0.74,0.0,2.51,6.87,0.96,0.0,0.0,47.19,6.08,0.0,0.0,0.0,0.0,0.0,0.0,0.0,0.0,,,,2,1995
1943003,3,1995,0.0,0.0,0.0,0.0,0.0,0.0,31.53,0.0,0.0,0.0,0.0,0.0,0.0,0.0,39.84,19.36,3.45,0.0,0.0,0.0,0.0,0.0,57.58,0.0,17.74,28.39,6.08,0.0,0.0,0.0,0.0,3,1995
1943003,4,1995,17.13,0.0,0.0,9.22,0.0,0.0,0.0,0.0,0.0,0.0,0.0,0.0,24.05,0.0,0.0,0.0,0.0,0.0,0.0,0.0,0.0,0.0,15.23,1.7,17.03,9.02,0.0,0.0,0.0,0.0,,4,1995
1943003,5,1995,0.0,0.0,0.0,0.0,0.0,0.0,0.0,7.37,0.0,0.0,0.05,0.0,0.0,0.0,0.0,0.0,0.0,0.0,0.05,0.0,0.0,30.37,0.6,0.0,0.0,0.0,0.0,0.0,0.0,0.0,0.0,5,1995
1943003,6,1995,0.0,0.0,0.0,0.0,0.0,0.0,0.0,0.0,0.0,0.0,0.0,0.0,0.0,0.0,0.0,0.0,0.0,0.0,0.0,0.0,0.0,0.0,0.0,0.0,0.0,0.0,0.0,0.0,0.0,0.0,,6,1995
1943003,7,1995,0.0,0.0,0.0,0.0,0.0,0.0,0.0,0.0,0.0,0.0,0.0,0.0,0.0,0.0,0.0,0.0,0.0,1.64,0.0,0.0,0.0,6.16,0.0,0.0,0.0,0.0,0.0,0.0,0.0,0.0,0.0,7,1995
1943003,8,1995,0.0,0.0,0.0,0.0,0.0,0.0,0.0,0.0,0.0,0.0,0.0,0.0,0.0,0.0,0.0,0.0,0.0,0.0,0.0,0.0,4.95,0.73,0.0,0.0,0.0,0.0,0.0,0.0,0.0,0.0,0.0,8,1995
1943003,9,1995,0.0,0.0,0.0,0.0,0.0,0.0,0.0,0.0,0.0,0.0,0.0,0.0,0.0,0.0,0.0,0.0,0.77,0.0,0.0,0.0,0.0,0.0,0.0,0.0,0.0,0.0,0.0,0.0,0.0,0.0,,9,1995
1943003,10,1995,0.0,0.0,0.0,0.0,0.0,0.0,28.44,0.0,18.32,0.0,0.0,0.0,0.0,0.0,0.0,0.0,0.0,0.0,0.0,0.0,2.57,12.44,0.0,0.0,0.0,0.0,0.0,0.0,0.0,22.47,19.48,10,1995
1943003,11,1995,2.75,8.8,38.3,17.64,0.0,0.0,0.0,0.0,0.0,0.0,0.0,0.0,0.0,19.6,0.0,0.0,15.41,18.01,24.16,3.12,0.0,0.0,0.0,18.66,28.16,0.0,0.0,0.0,21.83,0.61,,11,1995
1943003,12,1995,0.0,0.0,0.0,0.0,83.51,6.83,2.26,0.0,15.57,2.46,5.34,0.0,40.1,34.54,22.22,0.0,2.56,0.0,3.95,0.0,0.0,3.25,0.0,28.68,34.64,56.19,54.31,18.55,17.85,40.9,4.54,12,1995
1943003,1,1996,40.95,6.69,10.64,0.0,0.0,0.0,0.0,0.0,0.0,3.06,12.35,26.01,3.7,0.0,0.0,0.0,0.0,0.0,0.0,0.36,0.0,0.0,0.0,0.0,0.0,0.0,0.0,0.0,0.0,0.0,0.0,1,1996
1943003,2,1996,0.0,0.0,9.95,0.0,6.04,7.27,11.85,0.0,0.0,0.0,0.0,0.0,0.0,0.0,0.0,0.0,0.0,0.0,0.0,0.0,14.87,4.93,11.07,6.83,30.51,0.0,0.0,0.0,0.0,,,2,1996
1943003,3,1996,0.0,0.0,0.0,0.0,6.45,0.0,0.0,0.0,0.0,0.0,40.11,31.18,0.0,0.0,0.0,0.0,0.0,0.0,0.0,0.0,0.0,0.0,0.0,4.01,3.2,0.0,0.0,0.0,0.0,0.0,0.0,3,1996
1943003,4,1996,0.0,0.0,0.0,0.0,0.0,0.0,0.0,0.0,0.0,0.0,0.0,0.0,20.21,0.0,0.0,0.0,0.0,17.5,29.43,0.0,0.0,0.0,0.0,0.0,0.0,0.0,0.0,0.0,0.0,0.0,,4,1996
1943003,5,1996,0.0,0.0,0.0,0.0,0.0,0.0,0.0,0.0,0.0,0.0,4.82,0.97,0.0,0.0,0.0,0.0,8.51,0.0,0.0,0.0,0.0,0.0,2.51,0.0,0.0,0.0,0.0,0.0,0.0,0.0,0.0,5,1996
1943003,6,1996,0.0,0.0,0.0,0.0,0.0,0.0,0.0,0.0,0.0,0.0,0.0,0.0,0.0,0.0,0.0,0.0,0.0,0.0,0.0,0.0,0.0,0.0,0.0,0.0,0.0,0.0,0.0,0.0,0.0,0.0,,6,1996
1943003,7,1996,0.0,0.0,0.0,0.0,0.0,0.0,0.0,0.0,0.0,0.0,0.0,0.0,0.0,0.0,0.0,0.0,0.0,0.0,0.0,0.0,0.0,0.0,0.0,0.0,0.0,0.0,0.0,0.0,0.0,0.27,0.0,7,1996
1943003,8,1996,0.0,0.0,0.0,0.0,0.0,0.0,0.0,0.0,0.0,0.0,0.0,0.0,0.0,0.0,10.02,0.11,0.0,0.0,0.0,0.0,0.0,0.0,0.0,0.0,0.0,0.0,0.0,0.0,0.0,0.0,0.0,8,1996
1943003,9,1996,0.0,3.51,0.0,5.68,0.0,0.0,4.71,0.0,0.0,0.0,0.0,0.0,0.0,0.69,0.0,0.0,0.0,44.89,3.99,0.0,0.0,0.0,0.0,0.0,0.0,3.91,0.93,0.0,0.0,0.0,,9,1996
1943003,10,1996,0.0,0.0,5.15,0.0,5.15,0.15,19.24,0.0,0.64,0.0,0.0,0.0,0.0,0.0,0.0,14.35,0.0,0.0,0.0,0.0,0.0,0.0,0.0,0.0,0.0,0.0,0.0,31.26,2.99,0.0,0.0,10,1996
1943003,11,1996,0.0,9.8,9.05,8.68,12.59,0.0,0.14,0.0,0.0,0.0,0.0,0.0,0.0,0.0,0.0,4.49,19.85,3.84,6.91,27.67,32.04,30.18,9.52,9.52,0.0,0.0,0.05,0.33,0.0,0.0,,11,1996
1943003,12,1996,0.0,0.0,0.0,0.0,17.83,0.0,0.0,0.0,18.92,0.0,0.0,26.47,38.29,5.11,4.32,43.35,1.74,0.0,19.22,4.91,0.0,0.0,8.89,6.7,23.09,12.16,12.56,21.5,8.69,5.71,28.35,12,1996
1943003,1,1997,5.09,5.09,51.1,55.26,18.86,43.63,5.2,0.0,0.0,0.0,0.04,12.67,0.0,0.0,44.06,0.0,0.0,32.85,13.53,26.66,0.57,2.96,0.0,0.0,0.0,6.27,6.69,2.21,0.0,0.0,0.0,1,1997
1943003,2,1997,0.0,0.0,0.0,3.57,0.0,0.0,0.0,0.0,0.0,0.0,0.0,0.0,0.0,0.0,18.21,0.0,0.0,0.0,0.0,0.0,0.0,0.0,0.0,0.0,40.55,12.96,13.74,5.25,,,,2,1997
1943003,3,1997,111.93,6.59,14.29,41.26,7.81,0.0,0.0,0.0,0.0,13.08,0.0,1.62,0.0,0.0,8.11,14.9,25.55,2.33,0.0,0.0,0.0,0.0,0.0,0.0,0.0,0.0,0.0,0.0,32.04,36.09,0.0,3,1997
1943003,4,1997,21.98,0.0,0.0,14.47,0.0,0.0,0.0,9.96,0.0,0.0,0.0,0.0,0.0,0.0,0.0,0.0,0.0,0.0,0.0,0.0,0.0,2.14,0.0,11.36,0.0,0.0,0.0,0.3,0.0,0.0,,4,1997
1943003,5,1997,0.0,0.0,0.0,0.0,0.0,0.0,0.0,0.0,0.0,0.0,0.0,0.0,0.0,0.0,0.0,0.0,4.43,0.0,0.0,0.0,0.0,0.0,0.0,0.0,0.0,4.71,0.0,0.0,0.0,0.0,0.0,5,1997
1943003,6,1997,0.0,0.0,0.0,0.0,0.0,16.29,0.0,0.43,0.0,0.0,0.0,0.0,0.0,0.0,9.53,0.62,0.0,0.0,0.0,0.0,0.0,0.0,0.0,0.0,0.0,0.0,0.0,0.0,0.0,0.0,,6,1997
1943003,7,1997,0.0,0.0,0.0,0.0,0.0,0.0,0.0,0.0,0.0,0.0,0.0,0.0,0.0,0.0,0.0,0.0,0.0,0.0,0.0,0.0,0.0,0.0,0.0,0.0,0.0,0.0,0.0,0.0,0.0,0.0,0.0,7,1997
1943003,8,1997,0.0,0.0,0.0,0.0,0.0,0.0,0.0,0.0,0.2,8.6,0.0,0.0,0.0,0.0,0.0,0.0,0.0,0.0,0.0,0.0,0.0,0.0,0.0,0.0,0.0,0.0,0.0,0.0,0.0,0.0,0.0,8,1997
1943003,9,1997,0.0,0.0,0.0,0.0,0.0,0.0,8.49,0.0,0.0,0.0,0.0,0.0,0.0,0.0,0.0,4.88,0.0,0.0,4.07,0.0,12.91,0.12,0.0,0.0,0.0,0.0,8.65,0.0,0.0,0.0,,9,1997
1943003,10,1997,0.0,0.73,0.15,0.0,0.0,0.0,0.0,0.0,0.0,0.0,0.0,0.0,0.0,0.0,0.0,0.0,2.27,23.99,0.0,0.0,0.0,10.89,3.51,0.0,0.0,6.58,18.35,2.1,0.0,0.0,0.0,10,1997
1943003,11,1997,0.0,0.0,0.0,0.0,0.0,0.0,0.0,0.0,3.54,0.8,0.0,0.0,0.0,23.17,0.0,5.4,0.0,0.0,0.0,13.77,0.0,0.0,0.0,0.0,21.31,35.37,0.24,13.4,65.43,55.66,,11,1997
1943003,12,1997,27.46,0.0,9.38,2.43,16.53,0.0,0.0,2.72,7.49,5.51,4.91,0.0,0.0,31.83,16.93,5.11,22.19,18.81,0.0,0.0,0.0,0.0,0.0,0.0,0.0,0.0,0.0,3.82,0.0,0.0,0.0,12,1997
1943003,1,1998,0.0,0.0,0.0,0.0,6.3,2.13,8.65,0.0,38.32,31.7,8.43,0.0,0.0,0.0,0.0,0.0,3.1,1.6,29.57,30.53,0.0,0.0,0.0,2.03,0.0,37.68,0.0,0.0,0.0,0.0,0.0,1,1998
1943003,2,1998,0.0,0.0,0.0,0.0,0.0,0.0,0.0,0.0,0.0,0.0,45.39,29.97,0.96,1.83,0.0,0.0,58.79,77.67,41.59,8.08,0.29,0.0,24.39,0.0,0.0,0.0,0.0,0.0,,,,2,1998
1943003,3,1998,0.0,0.0,0.0,0.0,0.0,0.0,0.0,0.0,4.95,0.0,0.0,0.0,0.0,0.0,4.24,5.46,3.03,0.0,0.0,0.0,0.0,0.41,15.19,5.46,0.0,0.0,5.97,0.0,0.0,0.0,0.0,3,1998
1943003,4,1998,0.0,7.71,0.0,0.0,0.0,0.0,0.0,0.0,0.0,0.0,0.3,0.0,0.0,0.0,0.0,0.0,0.0,0.0,17.83,0.0,0.0,0.0,0.0,0.0,0.0,0.0,0.1,0.0,0.0,0.0,,4,1998
1943003,5,1998,0.0,0.0,0.0,0.0,21.96,3.95,3.02,0.0,0.0,0.0,0.0,0.0,0.0,0.0,0.0,0.0,0.0,0.0,5.05,0.0,0.0,0.0,0.0,0.0,0.0,0.0,0.0,2.65,4.13,0.0,9.12,5,1998
1943003,6,1998,0.0,0.0,0.0,0.0,0.0,0.0,0.0,0.0,0.0,0.0,0.0,0.0,0.0,0.0,0.0,0.0,0.0,0.0,0.0,0.0,0.0,0.0,0.0,0.0,0.0,0.0,0.0,0.0,0.0,0.0,,6,1998
1943003,7,1998,0.65,0.0,0.0,0.0,0.0,0.0,0.0,0.0,0.0,0.0,0.0,0.0,0.0,0.0,0.0,0.0,0.0,0.0,0.0,0.0,0.0,0.0,0.0,0.0,0.0,0.0,0.0,0.0,0.0,0.0,0.0,7,1998
1943003,8,1998,0.0,0.0,0.0,0.0,0.0,0.0,0.0,2.93,2.84,0.0,0.0,0.0,0.0,0.0,0.0,0.0,0.0,0.0,0.0,0.0,0.0,0.0,0.0,0.0,0.0,0.0,0.0,0.0,0.0,0.0,0.0,8,1998
1943003,9,1998,0.0,0.0,0.0,0.0,0.0,0.0,0.0,0.0,0.0,0.0,0.0,0.0,0.0,0.0,0.0,0.0,0.0,0.0,0.0,0.0,0.0,0.0,0.0,0.0,0.0,0.0,0.0,0.0,0.0,0.0,,9,1998
1943003,10,1998,0.0,0.0,0.0,0.0,0.0,0.0,0.0,0.0,0.48,12.44,0.0,19.57,13.1,0.15,0.15,0.0,0.0,5.39,0.0,0.06,0.0,0.0,0.0,0.0,0.0,0.0,0.0,0.31,0.0,9.78,10.2,10,1998
1943003,11,1998,22.91,2.06,16.21,10.06,0.33,21.98,0.0,0.0,11.18,14.53,3.18,6.06,2.43,0.0,6.15,0.14,0.0,0.0,0.0,52.69,14.16,5.87,20.67,0.0,0.0,0.0,0.0,47.85,0.0,0.0,,11,1998
1943003,12,1998,5.46,0.0,0.0,0.0,0.0,4.56,4.66,0.0,0.0,19.26,0.0,0.0,0.0,0.0,0.79,16.18,50.05,8.73,15.49,2.77,25.32,0.29,0.0,0.0,8.53,0.0,0.0,0.0,42.11,3.47,0.0,12,1998
1943003,1,1999,39.69,47.37,31.26,19.09,0.0,32.64,7.34,0.0,0.0,0.0,0.0,0.0,0.0,0.0,5.1,25.7,0.0,0.0,0.0,0.0,0.0,0.0,0.0,0.0,0.0,0.0,0.0,30.29,26.56,0.0,0.0,1,1999
1943003,2,1999,3.69,0.0,0.0,0.0,0.0,0.0,0.0,0.0,0.0,0.0,0.0,45.8,0.0,0.0,0.0,0.0,0.0,0.0,0.0,0.0,0.0,0.0,0.0,1.79,18.99,27.81,3.13,1.9,,,,2,1999
1943003,3,1999,0.0,17.38,8.77,21.95,0.0,0.0,20.43,9.07,0.0,0.01,5.22,0.0,23.06,6.23,0.0,0.0,0.0,0.0,0.31,0.0,0.0,0.0,0.0,0.0,0.0,0.0,0.0,0.0,0.0,0.0,0.0,3,1999
1943003,4,1999,0.0,0.0,0.0,0.0,6.17,0.2,28.42,0.0,0.0,0.0,0.0,0.0,0.0,0.0,0.0,0.0,25.71,8.08,5.77,0.0,0.0,0.0,0.2,0.0,0.0,0.0,0.0,0.0,0.0,0.0,,4,1999
1943003,5,1999,0.0,0.0,0.0,0.0,0.0,0.0,0.0,9.38,0.0,3.93,0.0,0.0,0.0,0.0,0.0,0.0,0.0,0.0,0.0,0.0,0.0,0.0,0.0,0.0,0.0,0.0,0.0,0.0,0.0,0.0,0.0,5,1999
1943003,6,1999,0.0,0.0,0.0,0.0,0.0,0.0,0.0,0.0,6.2,0.0,0.0,0.0,0.0,0.0,0.0,0.0,0.0,0.0,0.0,0.0,0.0,0.0,0.0,0.0,0.0,0.0,0.0,0.0,0.0,0.0,,6,1999
1943003,7,1999,0.0,0.0,0.0,0.0,0.0,0.0,0.0,0.0,0.0,0.0,0.0,0.0,0.0,0.0,0.0,0.0,0.0,0.0,0.0,0.0,0.0,0.0,0.0,0.0,0.0,0.0,0.0,0.0,0.36,0.0,0.0,7,1999
1943003,8,1999,0.0,0.0,0.0,0.0,0.0,0.0,0.0,0.0,0.0,0.0,0.0,0.0,0.0,0.0,0.0,0.0,0.0,0.0,0.0,0.0,0.0,0.0,0.0,0.0,0.0,0.0,0.0,0.0,0.0,0.0,0.0,8,1999
1943003,9,1999,0.0,0.0,0.0,0.0,0.0,0.0,0.0,0.0,0.0,0.0,0.0,1.61,0.0,0.0,0.0,0.0,0.0,0.0,0.0,0.0,0.0,0.0,0.0,0.0,0.0,0.0,0.0,0.0,0.0,0.0,,9,1999
1943003,10,1999,0.0,0.0,0.0,0.0,0.0,0.0,0.0,0.0,0.0,0.0,0.0,0.0,0.0,0.0,0.0,0.0,0.0,0.0,0.0,4.47,0.15,9.86,10.52,0.0,0.0,0.0,5.88,0.15,0.0,0.0,7.95,10,1999
1943003,11,1999,0.52,0.0,0.0,0.0,0.0,17.97,29.88,19.64,28.3,2.42,11.27,0.14,8.75,7.64,7.82,0.0,0.0,0.0,0.0,0.0,21.69,14.15,0.0,2.24,13.13,12.76,27.0,6.15,43.47,0.0,,11,1999
1943003,12,1999,0.19,0.0,0.0,0.0,36.46,47.69,77.68,10.74,0.0,0.0,0.0,28.81,16.7,26.53,13.02,0.19,0.0,0.0,2.99,0.0,0.0,0.0,0.0,1.9,11.13,0.0,0.0,0.0,0.0,0.0,0.29,12,1999
1943003,1,2000,0.0,19.18,6.9,0.0,0.0,0.0,0.0,0.0,0.0,2.2,0.0,0.36,0.0,0.0,0.0,4.12,0.79,0.0,15.23,16.83,5.08,13.84,2.1,0.0,9.46,46.82,31.02,19.82,23.66,0.79,0.0,1,2000
1943003,2,2000,11.7,2.2,5.11,0.0,0.0,5.78,8.12,20.86,82.96,0.0,0.0,0.0,0.0,0.0,0.0,0.0,0.0,0.0,5.22,15.49,15.27,0.0,0.0,0.0,0.0,0.0,0.07,0.29,2.76,,,2,2000
1943003,3,2000,0.0,3.22,0.0,0.0,9.4,0.0,0.0,0.0,0.62,0.0,22.48,31.3,17.72,15.38,0.0,13.96,9.71,30.59,7.27,0.0,0.0,5.25,0.0,11.33,0.0,0.0,0.0,0.0,0.0,0.0,0.0,3,2000
1943003,4,2000,0.0,0.0,0.0,2.89,0.0,0.0,0.4,3.69,0.0,8.2,0.0,0.0,0.0,0.0,0.0,0.0,0.0,0.0,0.0,15.51,2.99,0.0,0.0,0.0,0.0,0.0,0.0,0.0,0.0,0.0,,4,2000
1943003,5,2000,0.0,0.0,0.0,0.0,0.0,0.0,0.0,0.0,0.0,0.0,0.0,0.0,0.0,0.0,0.0,0.0,0.0,0.0,0.0,0.0,0.0,0.0,0.0,0.0,0.0,0.0,0.0,0.0,0.0,0.0,0.0,5,2000
1943003,6,2000,0.0,0.0,0.0,0.0,0.0,0.0,0.43,0.0,0.0,0.0,0.0,0.0,0.0,0.0,0.0,0.0,0.0,0.0,0.0,0.0,0.0,0.0,0.0,0.0,0.0,0.0,0.0,0.0,0.0,0.0,,6,2000
1943003,7,2000,0.0,0.0,0.0,0.0,0.0,0.0,0.0,0.0,0.0,0.36,0.0,0.0,0.0,0.0,0.0,0.0,2.9,0.0,0.0,0.0,0.0,0.0,0.0,0.0,2.51,2.9,0.0,0.0,0.0,0.0,0.0,7,2000
1943003,8,2000,0.0,0.2,0.0,0.0,0.0,0.0,0.0,0.0,0.0,0.0,0.0,0.0,0.0,0.0,0.0,0.0,0.0,0.0,0.0,0.0,0.0,0.0,0.0,0.0,0.0,0.0,0.0,0.0,7.66,13.44,0.02,8,2000
1943003,9,2000,0.0,0.0,10.25,11.7,0.61,0.0,10.9,0.0,0.0,2.22,0.0,0.0,0.0,0.0,0.0,0.0,0.0,8.97,0.0,0.0,0.0,0.0,0.0,0.0,0.0,0.0,0.36,0.0,0.0,0.0,,9,2000
1943003,10,2000,0.0,0.0,0.0,0.0,0.0,51.08,37.07,0.0,0.0,0.0,0.0,0.0,0.0,0.0,0.0,0.0,0.0,0.0,0.0,0.0,0.0,0.0,0.0,0.0,0.0,0.0,0.0,0.0,0.0,0.23,0.0,10,2000
1943003,11,2000,0.05,0.0,0.0,1.85,2.6,27.35,24.0,27.35,3.9,0.0,0.0,0.0,5.76,27.08,31.92,36.1,18.7,6.32,0.0,23.82,0.0,0.0,0.0,0.0,0.0,0.0,10.23,29.5,6.97,46.9,,11,2000
1943003,12,2000,27.21,2.68,4.27,5.16,14.1,21.15,23.53,0.0,0.0,0.0,4.46,0.0,0.0,0.0,3.67,0.29,0.0,75.28,5.46,0.0,0.0,9.33,8.54,4.27,0.0,0.0,0.0,0.0,2.78,8.93,2.08,12,2000
