gauge,date,1,2,3,4,5,6,7,8,9,10,11,12,13,14,15,16,17,18,19,20,21,22,23,24,25,26,27,28,29,30,31,month,year,total_pr_tgt,num_days_pr,total_pr_adj,total_pr_diff,num_days_pr_adj,pr_add_per_day,total_pr_readj,num_days_pr_readj,total_pr_diff_again
1943025,01/01/1980,40.66,0.78,0.0,0.0,0.0,0.0,0.0,0.0,0.0,0.78,29.98,28.91,32.12,22.51,31.05,37.45,44.93,54.53,9.7,15.04,62.01,4.36,28.06,0.0,42.79,6.71,21.44,13.97,16.1,0.0,0.0,1,1980,543.8791003523629,21,532.631867044715,11.247233307647889,19,0.5919596477709416,543.8800000000001,19,-0.0
1943025,01/02/1980,51.38,41.33,3.57,0.0,0.0,0.0,0.0,0.0,9.05,0.0,0.0,0.0,6.7,3.35,0.0,0.0,12.51,57.75,34.07,0.0,0.0,12.29,3.91,0.0,0.0,0.0,0.0,0.0,0.0,,,2,1980,235.91659470330114,11,230.41659470330114,5.5,11,0.5,235.91000000000003,11,0.01
1943025,01/03/1980,2.62,0.0,0.0,0.0,1.61,0.0,0.0,0.0,0.0,0.0,0.0,0.0,8.5,3.43,27.46,0.0,0.0,3.53,0.0,0.0,0.0,0.0,0.0,0.0,0.0,0.0,0.0,0.0,0.0,0.0,0.0,3,1980,47.142397078175705,6,43.63548958271145,3.5069074954642545,6,0.5844845825773758,47.15,6,-0.01
1943025,01/04/1980,5.18,0.0,15.2,0.0,0.0,2.58,13.2,76.13,2.68,20.21,0.0,1.68,12.2,0.9,24.62,1.68,0.7,0.7,0.0,0.0,0.5,0.0,0.0,0.0,0.0,2.28,0.0,0.0,0.0,0.0,,4,1980,180.45841714107632,16,172.35821813100355,8.100199010072771,12,0.6750165841727309,180.44,12,0.02
1943025,01/05/1980,0.0,0.0,0.0,23.98,0.0,0.0,0.0,0.0,0.0,0.0,0.0,0.0,0.0,0.42,0.42,0.33,0.0,0.0,3.11,0.0,0.0,0.0,0.0,0.0,0.0,0.0,0.0,0.0,0.0,0.0,0.0,5,1980,28.265769581973807,2,25.48865419391524,2.777115388058565,2,1.3885576940292825,28.259999999999998,2,0.01
1943025,01/06/1980,3.81,5.22,0.0,1.93,5.5,0.0,0.0,0.0,0.0,0.0,0.0,0.0,0.0,0.0,0.0,0.0,0.0,0.0,0.0,0.0,0.0,0.0,3.81,0.0,0.0,2.12,19.78,0.0,0.0,0.0,,6,1980,42.18607318526277,7,38.31025070699762,3.8758224782651496,7,0.55368892546645,42.17,7,0.02
1943025,01/07/1980,0.0,0.0,3.27,0.0,0.0,0.0,0.0,0.0,0.0,0.0,0.0,0.0,0.0,0.0,0.0,0.0,0.0,0.0,0.0,0.0,0.0,0.0,0.0,14.45,0.0,0.0,0.0,0.0,0.0,0.0,0.0,7,1980,17.720141533453997,2,16.720141533453997,1.0,2,0.5,17.72,2,0.0
1943025,01/08/1980,0.0,0.0,0.0,0.0,0.0,0.0,0.0,0.0,0.0,0.0,0.0,0.0,0.0,0.0,0.0,0.0,0.0,0.0,0.0,0.0,0.0,0.0,0.0,0.0,0.0,0.0,0.0,0.57,0.0,0.0,0.0,8,1980,1.0661879335977558,1,0.5661879335977558,0.5,0,inf,0.57,0,0.5
1943025,01/09/1980,0.0,0.0,0.0,0.0,0.0,0.0,0.0,0.0,0.0,0.0,0.0,0.0,0.0,0.0,0.0,0.0,0.0,0.0,14.1,0.0,0.0,0.0,0.0,0.0,0.0,12.98,0.0,0.0,0.0,0.0,,9,1980,27.080667418275183,2,25.839593227608045,1.2410741906671383,2,0.6205370953335692,27.08,2,0.0
1943025,01/10/1980,0.16,0.0,0.0,0.0,0.0,0.0,0.0,0.0,0.0,0.0,0.0,7.79,11.94,0.0,0.0,0.0,0.0,0.0,0.0,0.0,0.0,0.0,0.0,0.0,0.0,0.0,0.0,0.0,0.0,0.0,0.0,10,1980,19.896386575151766,2,18.23058335369217,1.6658032214595941,2,0.8329016107297971,19.89,2,0.01
1943025,01/11/1980,28.34,5.16,0.0,0.0,0.0,0.0,0.0,0.0,55.89,36.34,0.0,8.42,21.45,0.15,0.0,0.0,0.0,33.83,0.0,4.7,4.14,0.0,0.0,0.0,49.37,15.87,0.0,0.0,0.0,0.0,,11,1980,263.67210715666295,11,257.67210715666295,6.0,11,0.5454545454545454,263.66,11,0.01
1943025,01/12/1980,9.07,119.32,61.71,4.7,0.49,3.71,43.84,6.09,63.7,27.75,14.73,0.0,22.18,21.19,1.72,0.0,0.49,0.89,0.2,0.0,0.0,0.0,0.0,0.0,0.0,0.0,0.0,0.0,0.0,11.46,2.72,12,1980,415.9723586622141,16,406.4723586622141,9.5,15,0.6333333333333333,415.96,15,0.01
1943025,01/01/1981,17.12,14.45,1.64,0.0,3.46,0.0,0.0,0.0,0.0,11.14,25.23,16.8,44.45,54.48,0.57,3.24,0.0,0.0,0.0,0.0,0.0,8.58,2.6,16.48,17.12,17.12,7.51,10.71,2.39,0.0,0.0,1,1981,275.08860482984085,19,265.37510959908434,9.713495230756507,18,0.5396386239309171,275.09,18,-0.0
1943025,01/02/1981,0.0,0.0,0.0,0.0,0.0,0.0,0.0,0.0,0.0,2.35,5.36,0.0,0.0,0.0,0.0,0.0,0.0,0.0,0.0,0.0,0.0,0.0,0.0,5.36,0.0,0.0,0.0,0.0,,,,2,1981,13.069243172484015,3,11.234134373189551,1.8351087992944635,3,0.6117029330981545,13.07,3,-0.0
1943025,01/03/1981,0.0,0.0,0.0,0.0,0.0,14.3,1.93,31.54,22.21,2.95,0.0,0.0,0.51,0.0,0.0,0.0,0.0,0.0,16.33,0.0,11.26,38.63,2.13,0.31,0.01,10.45,18.36,29.91,27.48,8.01,10.04,3,1981,246.3570427956278,16,237.25566129653495,9.101381499092838,15,0.6067587666061892,246.35999999999993,15,-0.0
1943025,01/04/1981,0.0,17.84,0.0,0.0,0.0,0.0,0.0,0.0,0.0,2.61,0.0,0.0,0.0,0.0,0.0,0.0,0.0,0.0,0.0,0.0,0.0,0.0,0.0,0.0,0.0,0.0,0.0,61.12,0.0,27.05,,4,1981,108.61572691889326,4,106.61572691889326,2.0,4,0.5,108.61999999999999,4,-0.0
1943025,01/05/1981,0.0,0.0,0.0,0.0,0.0,0.0,2.99,0.0,0.0,0.0,0.0,0.0,0.0,0.0,0.0,0.0,0.0,0.42,0.61,0.0,0.0,0.0,0.0,0.0,4.38,0.24,0.0,0.0,5.21,0.0,0.0,5,1981,13.855769402928338,4,10.301538626811205,3.5542307761171337,3,1.1847435920390446,13.850000000000001,3,0.01
1943025,01/06/1981,0.0,0.0,2.99,6.93,0.16,0.0,16.05,0.63,0.0,0.0,0.0,0.0,0.0,0.0,0.0,0.0,4.49,0.0,0.0,2.71,0.0,0.0,0.0,0.0,0.0,0.0,0.0,0.16,0.0,0.0,,6,1981,34.105889902562105,6,29.824023043863246,4.281866858698859,5,0.8563733717397717,34.12,5,-0.01
1943025,01/07/1981,0.0,0.0,0.0,0.0,0.0,0.0,0.0,0.0,0.0,0.0,0.0,0.0,0.0,0.0,0.0,0.0,0.0,0.0,0.0,0.0,0.0,0.0,0.0,0.0,0.0,0.0,0.0,0.0,0.0,0.0,0.0,7,1981,0.0,0,0.0,0.0,0,,0.0,0,0.0
1943025,01/08/1981,0.0,0.0,5.32,0.0,0.12,0.0,0.0,0.0,0.0,0.0,0.0,0.0,0.0,0.0,2.83,0.0,0.0,2.57,20.6,0.0,0.0,0.0,0.0,0.0,0.0,0.0,0.0,0.0,0.0,0.0,0.0,8,1981,31.452544041133795,4,28.774846052200836,2.677697988932959,4,0.6694244972332397,31.44,4,0.01
1943025,01/09/1981,0.0,0.0,0.0,0.0,0.0,0.0,0.0,0.0,0.0,0.0,0.0,0.0,0.0,0.0,0.0,0.0,0.0,0.0,0.0,0.0,0.0,0.0,0.0,0.0,0.0,0.0,0.0,0.0,0.0,0.0,,9,1981,0.0,0,0.0,0.0,0,,0.0,0,0.0
1943025,01/10/1981,4.54,2.55,3.87,0.0,0.0,0.0,0.0,0.0,4.04,2.21,5.2,27.42,30.73,0.0,0.0,8.35,5.28,0.74,4.2,21.61,11.17,0.0,0.0,0.0,0.0,0.08,0.0,38.19,16.64,20.95,4.2,10,1981,211.97941863609614,18,202.47941863609617,9.499999999999972,17,0.558823529411763,211.96999999999997,17,0.01
1943025,01/11/1981,4.71,10.29,8.24,0.34,11.04,0.0,8.15,0.0,29.84,5.45,39.14,23.32,21.46,75.07,21.46,0.0,12.15,63.72,0.0,0.0,35.42,0.0,8.43,0.0,0.43,41.75,26.11,5.08,0.0,9.36,,11,1981,460.9840969809218,20,449.89102528760844,11.093071693313334,20,0.5546535846656667,460.96000000000004,20,0.02
1943025,01/12/1981,2.24,32.84,2.34,7.01,0.0,0.0,0.0,21.22,3.04,7.01,2.84,0.0,1.85,5.52,0.0,0.79,4.83,29.26,3.83,0.0,0.0,0.0,0.2,0.0,0.0,0.0,49.72,88.46,26.88,0.0,1.75,12,1981,291.617680284685,18,282.117680284685,9.5,17,0.5588235294117647,291.63,17,-0.01
1943025,01/01/1982,8.71,5.93,5.4,3.9,43.61,15.22,0.0,0.0,0.0,0.0,0.0,26.0,18.63,7.53,2.19,34.97,2.84,0.0,0.0,7.32,92.93,3.8,50.02,60.91,124.95,0.0,0.0,0.35,0.0,0.0,1.66,1,1982,516.8719536616568,19,506.23146796938704,10.640485692269749,19,0.5600255627510394,516.8700000000001,19,0.0
1943025,01/02/1982,0.0,4.36,0.0,0.0,0.0,0.0,0.0,0.0,0.0,0.0,2.46,0.0,2.68,0.0,0.0,0.0,0.0,0.0,0.0,2.46,0.0,0.0,0.0,0.0,55.4,2.46,16.98,0.0,,,,2,1982,86.79317901726563,7,83.29317901726563,3.5,7,0.5,86.8,7,-0.01
1943025,01/03/1982,0.0,0.0,20.56,34.55,0.21,2.52,0.01,41.14,70.04,3.43,2.62,3.63,61.73,7.99,17.32,0.0,3.13,9.21,34.55,18.33,3.33,0.0,50.78,9.82,15.9,0.51,0.0,0.0,12.66,0.0,0.0,3,1982,423.9774292063027,21,412.27466620811697,11.702762998185733,20,0.5851381499092867,423.96999999999997,20,0.01
1943025,01/04/1982,0.0,0.0,0.0,0.0,0.0,0.0,27.16,0.0,0.5,0.0,1.71,0.0,0.0,2.01,27.16,6.52,10.33,4.12,0.0,2.12,0.0,0.0,0.0,0.0,0.0,0.0,0.0,0.0,1.91,0.0,,4,1982,83.56597440069832,10,78.06597440069832,5.5,9,0.6111111111111112,83.53999999999999,9,0.03
1943025,01/05/1982,2.39,0.0,0.0,0.0,0.0,0.0,0.0,0.0,0.0,0.0,0.0,0.0,0.0,0.0,0.0,0.0,0.0,0.0,0.0,7.75,0.0,4.05,24.37,0.24,0.0,5.9,0.15,0.0,0.7,0.0,0.0,5,1982,45.539295437624475,6,41.262180049565906,4.277115388058569,5,0.8554230776117138,45.55,5,-0.01
1943025,01/06/1982,0.0,0.0,0.0,0.0,0.0,0.0,0.0,0.0,0.0,0.0,0.0,0.0,0.0,0.0,0.0,0.0,0.0,0.0,0.0,0.0,0.0,0.0,0.0,0.0,0.0,0.0,0.0,0.0,0.0,0.0,,6,1982,0.0,0,0.0,0.0,0,,0.0,0,0.0
1943025,01/07/1982,0.0,0.0,0.0,0.0,0.0,0.0,0.0,0.0,0.0,0.0,0.0,0.0,0.0,0.0,0.0,0.0,0.0,0.0,0.0,0.0,0.0,0.0,0.0,0.0,0.0,0.0,4.14,0.0,0.0,0.0,0.0,7,1982,4.141120032274575,1,3.2558995641560102,0.8852204681185647,1,0.8852204681185647,4.14,1,0.0
1943025,01/08/1982,0.0,0.0,0.0,0.0,0.0,0.0,0.0,0.0,0.0,0.0,0.0,0.0,2.2,0.57,4.33,0.21,0.0,0.0,0.0,0.0,0.0,0.0,0.0,0.0,0.0,0.0,2.73,0.0,0.0,0.0,0.0,8,1982,10.0399363747122,4,7.5399363747122,2.5,3,0.8333333333333334,10.040000000000001,3,-0.0
1943025,01/09/1982,0.0,0.0,0.0,0.0,0.0,0.0,0.0,0.0,0.0,0.0,0.0,0.0,0.0,0.0,0.0,0.0,0.0,0.0,0.0,0.0,0.14,0.0,6.0,0.54,0.0,0.0,0.0,0.14,0.0,0.0,,9,1982,6.830435402235581,2,4.107212830234166,2.723222572001415,1,2.723222572001415,6.819999999999999,1,0.01
1943025,01/10/1982,0.58,0.0,2.2,3.11,0.0,0.0,0.0,0.0,0.0,0.66,2.28,8.67,0.49,0.0,2.12,0.0,0.74,0.0,0.0,3.19,0.0,0.0,0.0,0.0,0.0,36.93,0.0,0.0,0.33,0.08,3.61,10,1982,64.99486281216244,11,57.33164992632405,7.663212885838391,8,0.9579016107297988,64.99,8,0.0
1943025,01/11/1982,0.0,0.0,0.0,0.0,0.0,0.0,0.0,1.97,0.24,0.0,0.0,4.39,91.51,2.9,0.0,0.0,4.76,57.82,3.55,0.0,7.74,0.0,0.0,0.0,0.0,0.0,1.69,0.0,0.06,0.0,,11,1982,176.6500739086997,9,171.1500739086997,5.5,9,0.6111111111111112,176.63,9,0.02
1943025,01/12/1982,0.0,0.0,40.85,30.02,20.09,0.0,0.0,23.77,22.08,10.26,0.0,0.0,0.0,0.29,0.0,0.0,5.19,0.0,0.49,16.12,0.0,22.28,0.0,9.07,10.36,0.0,0.0,20.98,62.9,18.3,17.31,12,1982,330.3543612489313,15,320.96043784206404,9.393923406867259,15,0.6262615604578172,330.36,15,-0.01
1943025,01/01/1983,51.26,6.21,7.49,5.68,65.35,52.65,21.37,3.01,3.22,0.0,0.0,4.29,13.9,18.17,29.48,0.0,0.0,24.57,7.92,12.83,5.36,13.47,35.25,5.57,5.57,41.65,43.04,0.14,18.17,0.0,5.36,1,1983,500.9665589702923,25,487.9665589702923,13.0,25,0.52,500.97999999999996,25,-0.01
1943025,01/02/1983,0.0,2.67,13.73,0.62,0.0,5.13,0.39,0.0,21.32,45.9,36.96,12.5,0.0,2.67,0.0,0.0,0.0,0.0,0.0,0.0,0.0,10.15,0.0,0.0,0.0,0.0,11.61,0.0,,,,2,1983,163.64479698879555,11,157.64479698879555,6.0,10,0.6,163.64999999999998,10,-0.01
1943025,01/03/1983,29.16,73.66,7.36,3.1,0.0,53.08,0.0,0.0,0.0,0.0,0.0,0.0,0.0,24.39,8.17,10.2,1.68,48.72,0.0,34.22,13.24,3.3,33.72,0.51,0.0,2.49,0.11,0.0,2.9,0.0,31.49,3,1983,381.4985810863981,18,371.9985810863981,9.5,17,0.5588235294117647,381.5,17,-0.0
1943025,01/04/1983,0.7,2.0,16.23,0.0,0.0,0.0,12.22,32.26,0.0,0.6,0.0,0.4,24.25,0.0,3.81,19.44,0.0,0.0,0.0,0.0,0.0,0.0,0.9,0.0,2.3,3.41,41.48,0.0,0.0,0.0,,4,1983,160.01781908622928,13,153.01781908622928,7.0,10,0.7,160.0,10,0.02
1943025,01/05/1983,0.0,0.0,0.0,0.0,0.79,0.0,0.0,0.0,0.0,0.0,0.0,0.0,0.0,0.0,0.0,0.0,3.98,0.0,0.0,0.0,0.0,0.0,0.0,0.0,0.0,39.27,6.94,0.0,3.79,11.18,0.0,5,1983,65.95346235793889,6,62.95346235793889,3.0,5,0.6,65.95,5,0.0
1943025,01/06/1983,0.0,0.0,0.0,0.0,0.0,0.0,0.0,0.0,0.0,0.0,0.0,0.0,0.0,0.0,0.0,0.0,0.0,0.0,0.0,0.0,0.0,0.0,0.0,0.0,0.0,0.0,0.0,0.0,0.0,0.0,,6,1983,0.0,0,0.0,0.0,0,,0.0,0,0.0
1943025,01/07/1983,0.0,0.0,0.0,0.0,8.67,0.0,0.0,0.0,0.0,0.0,0.0,0.0,0.0,0.0,0.0,0.0,0.0,0.0,0.0,0.0,6.74,0.0,0.0,0.0,0.0,0.0,0.0,0.0,0.0,0.0,0.0,7,1983,15.408818724742606,2,14.408818724742606,1.0,2,0.5,15.41,2,-0.0
1943025,01/08/1983,0.0,0.0,0.0,0.0,0.0,0.0,0.0,0.0,0.0,0.0,0.0,0.0,0.0,0.0,0.0,0.0,0.0,0.0,0.0,0.0,0.0,0.0,0.0,0.0,0.0,0.0,0.0,0.0,0.0,0.0,0.0,8,1983,0.26654698339943894,0,0.0,0.26654698339943894,0,inf,0.0,0,0.27
1943025,01/09/1983,0.0,0.0,0.0,0.0,0.0,0.0,0.0,0.0,0.0,0.95,1.75,2.08,11.32,3.28,0.0,0.0,0.0,2.08,0.0,0.0,1.75,0.0,0.0,0.0,5.21,0.0,0.0,4.24,8.91,28.99,,9,1983,70.55437980191576,11,64.89366367480434,5.660716127111414,10,0.5660716127111414,70.56,10,-0.01
1943025,01/10/1983,7.04,0.0,0.0,0.0,0.0,0.0,0.0,0.0,0.0,0.0,48.16,10.03,22.46,40.45,17.49,0.0,0.0,5.88,0.0,0.0,33.24,0.99,0.74,14.17,22.05,4.22,0.0,0.0,15.83,5.05,0.0,10,1983,247.7929144713693,15,240.2929144713693,7.5,13,0.5769230769230769,247.80000000000007,13,-0.01
1943025,01/11/1983,0.0,0.43,28.45,0.0,3.88,0.0,0.0,4.34,4.99,0.0,36.45,5.74,2.02,9.09,8.25,15.05,5.27,19.7,0.0,0.0,6.67,6.3,0.62,0.0,2.02,0.0,0.0,32.54,0.24,0.06,,11,1983,192.0999749987124,17,181.6346165321458,10.465358466566613,16,0.6540849041604133,192.11,16,-0.01
1943025,01/12/1983,0.0,45.57,22.13,21.43,3.16,6.24,23.92,52.03,13.19,21.93,1.67,17.96,7.03,0.0,0.1,5.84,0.1,0.0,0.0,0.0,10.41,29.28,13.98,7.83,0.89,14.98,12.99,0.0,0.0,0.0,0.0,12,1983,332.63883217759195,20,321.63883217759195,11.0,19,0.5789473684210527,332.65999999999997,19,-0.02
1943025,01/01/1984,0.0,0.35,0.0,0.0,0.0,0.0,35.62,0.0,4.66,0.0,0.0,0.0,0.0,0.0,0.0,0.0,0.0,0.0,0.0,0.0,5.52,8.93,46.08,32.2,0.35,6.58,4.98,0.0,0.0,0.0,0.0,1,1984,145.2835045298461,8,139.85651406833298,5.426990461513128,8,0.678373807689141,145.26999999999998,8,0.01
1943025,01/02/1984,0.0,0.0,0.0,0.0,0.0,0.0,0.0,51.49,0.0,0.0,0.0,0.0,0.17,0.0,0.0,0.0,0.0,0.0,0.0,0.0,0.0,0.0,0.0,0.0,0.0,0.06,0.0,0.0,0.0,,,2,1984,51.71845802444528,1,49.995052158248974,1.723405866196309,1,1.723405866196309,51.720000000000006,1,-0.0
1943025,01/03/1984,0.0,0.0,0.0,0.0,0.0,0.0,31.58,22.46,0.01,0.0,0.0,0.51,9.89,26.51,3.6,0.51,0.0,0.0,0.0,0.0,0.0,1.78,47.2,4.72,0.0,0.0,4.01,7.45,7.05,0.0,0.0,3,1984,167.27947350320412,13,160.0767105050184,7.202762998185705,11,0.6547966361987004,167.28,11,-0.0
1943025,01/04/1984,0.0,0.0,0.0,0.0,0.0,34.47,12.02,0.0,0.0,0.0,0.0,0.0,0.0,0.0,0.0,0.0,0.0,0.0,0.0,0.0,0.0,0.0,0.0,0.0,0.0,0.0,0.0,0.0,0.0,0.0,,4,1984,46.4923406737698,2,45.4923406737698,1.0,2,0.5,46.489999999999995,2,0.0
1943025,01/05/1984,0.0,0.0,0.0,0.0,0.0,0.0,0.0,0.0,0.0,0.0,0.0,0.0,0.0,0.0,0.0,0.0,11.08,0.0,0.0,0.0,0.0,0.0,0.0,0.0,0.0,0.0,0.0,0.0,0.0,0.0,0.0,5,1984,11.08461552234267,1,10.58461552234267,0.5,1,0.5,11.08,1,0.0
1943025,01/06/1984,0.0,0.0,0.0,0.0,0.0,0.0,0.0,0.0,0.0,0.0,0.0,0.0,0.0,0.0,0.0,0.0,0.0,0.0,0.0,0.0,0.0,0.0,0.0,0.0,0.0,0.0,0.0,0.0,0.0,0.0,,6,1984,0.0,0,0.0,0.0,0,,0.0,0,0.0
1943025,01/07/1984,0.0,0.0,0.0,0.0,0.0,0.0,0.0,0.0,0.0,0.0,0.0,0.0,0.0,0.0,0.0,0.0,0.0,0.0,0.0,0.0,0.0,0.0,0.0,0.0,0.0,0.0,0.0,0.0,0.0,0.0,0.0,7,1984,0.0,0,0.0,0.0,0,,0.0,0,0.0
1943025,01/08/1984,0.0,0.0,0.0,0.0,0.0,0.0,0.0,0.0,0.0,0.0,0.0,0.0,0.0,0.0,0.0,2.01,0.0,1.74,0.0,0.0,0.0,0.0,0.0,0.0,0.0,22.26,5.65,1.83,18.53,0.0,3.25,8,1984,55.26407455815034,7,51.40867858028442,3.8553959778659177,7,0.5507708539808454,55.27,7,-0.01
1943025,01/09/1984,2.36,0.0,0.0,0.0,0.0,0.0,0.0,0.0,11.36,0.0,0.0,0.0,0.0,0.0,0.0,0.0,0.95,5.74,10.56,0.0,11.36,0.0,0.0,0.0,0.0,0.0,14.57,0.0,0.0,0.0,,9,1984,56.8935089974446,7,53.23279287033317,3.660716127111428,6,0.6101193545185714,56.9,6,-0.01
1943025,01/10/1984,0.66,0.0,0.0,0.0,0.0,0.0,0.0,0.0,0.0,0.0,0.0,34.89,0.0,0.0,0.0,0.0,0.0,0.0,1.73,40.69,4.22,8.36,3.72,0.0,43.84,2.73,0.0,0.0,0.0,0.0,0.0,10,1984,140.84983662992855,9,136.26693501919874,4.582901610729806,8,0.5728627013412257,140.84,8,0.01
1943025,01/11/1984,0.0,0.0,0.0,0.0,0.0,0.0,0.0,0.0,0.0,0.0,0.0,0.0,13.13,0.0,0.0,0.0,0.0,0.0,4.56,0.0,59.66,22.81,20.94,0.24,0.0,0.0,3.82,8.85,2.7,1.96,,11,1984,138.6768230368612,9,133.30453626360787,5.372286773253336,9,0.596920752583704,138.67,9,0.01
1943025,01/12/1984,2.06,20.93,9.41,51.72,0.0,10.0,29.87,17.35,28.88,0.2,0.0,20.93,23.91,8.02,1.66,9.01,7.92,0.0,7.82,2.06,2.55,0.99,0.0,0.0,0.0,0.0,0.0,4.04,28.88,44.77,12.98,12,1984,345.9483584576151,22,333.95173434268884,11.996624114926249,21,0.571267814996488,345.96000000000004,21,-0.01
1943025,01/01/1985,2.69,6.64,35.03,12.3,0.57,35.25,0.0,11.76,19.24,47.42,19.24,1.94,1.73,77.63,12.19,34.18,14.11,14.33,7.49,22.86,30.98,14.33,4.72,30.34,64.6,63.0,55.53,4.82,8.56,21.37,25.0,1,1985,699.8373664200375,30,684.7306188046592,15.106747615378254,29,0.5209223315647674,699.85,29,-0.01
1943025,01/02/1985,25.79,2.33,0.0,0.0,0.0,0.0,14.62,2.89,0.0,97.28,0.0,0.0,0.0,0.0,0.0,0.0,0.0,0.0,0.0,0.0,0.0,0.0,58.18,15.73,2.55,0.39,37.4,16.63,,,,2,1985,273.78388902357534,10,267.8370772911827,5.946811732392632,10,0.5946811732392632,273.78999999999996,10,-0.01
1943025,01/03/1985,7.23,0.72,0.0,0.0,0.0,0.0,0.0,4.18,10.67,17.36,2.76,0.0,33.58,40.07,0.0,7.63,15.34,27.5,42.1,89.34,29.53,0.0,0.31,0.01,0.0,0.0,0.0,18.38,0.0,0.0,0.0,3,1985,346.72472689755034,15,337.92058240027177,8.804144497278571,14,0.6288674640913265,346.71,14,0.01
1943025,01/04/1985,0.0,8.06,0.0,0.0,0.0,0.0,0.0,0.0,2.24,1.84,0.0,0.0,1.54,0.0,0.0,0.0,0.0,0.0,0.0,2.75,0.0,0.0,0.0,0.0,0.0,0.0,0.0,0.0,0.0,0.0,,4,1985,16.43263765193588,5,13.732239631790321,2.7003980201455597,5,0.5400796040291119,16.43,5,0.0
1943025,01/05/1985,0.0,74.2,0.42,16.47,0.05,0.79,0.0,0.0,0.0,0.0,10.46,23.39,3.44,0.0,0.0,0.0,0.0,0.0,0.0,0.0,0.0,0.0,0.0,0.0,0.0,0.0,0.0,0.0,0.0,0.0,0.0,5,1985,129.2281426313116,6,125.22814263131163,3.999999999999986,5,0.7999999999999972,129.22,5,0.01
1943025,01/06/1985,0.63,0.63,0.0,0.0,0.0,0.0,0.0,0.0,0.0,0.0,0.0,0.0,0.0,0.0,0.0,0.0,0.0,0.0,0.0,0.0,0.0,0.0,0.0,0.0,0.0,0.0,0.0,0.0,0.0,0.0,,6,1985,2.7247129674223167,2,1.2549348695908829,1.4697780978314339,0,inf,1.26,0,1.46
1943025,01/07/1985,0.0,0.0,0.0,0.0,0.0,0.0,0.0,0.0,0.0,0.0,0.0,0.0,0.0,0.0,0.0,0.0,0.0,0.0,0.0,0.0,0.0,0.0,0.0,0.0,0.0,0.0,0.0,0.0,0.0,0.0,2.6,7,1985,2.600238159800315,1,2.100238159800315,0.5,1,0.5,2.6,1,0.0
1943025,01/08/1985,7.58,0.0,0.0,0.0,0.0,0.0,0.0,0.0,0.0,0.0,0.0,0.0,0.0,0.0,0.0,0.0,0.0,0.0,0.0,1.8,0.0,0.0,0.12,0.0,0.0,0.0,0.0,0.0,0.0,0.0,0.0,8,1985,9.506842407913322,2,7.917993413446842,1.5888489944664794,2,0.7944244972332397,9.5,2,0.01
1943025,01/09/1985,0.0,0.0,0.0,0.0,0.0,15.97,4.48,0.0,0.0,0.0,0.0,0.0,0.0,0.0,0.0,0.0,0.0,0.0,0.0,0.0,0.0,1.83,0.0,13.4,2.07,2.07,6.49,0.0,0.63,2.07,,9,1985,49.018418768984766,9,44.518418768984766,4.5,8,0.5625,49.01000000000001,8,0.01
1943025,01/10/1985,0.0,0.99,0.49,0.0,0.0,0.0,0.0,0.0,13.07,0.0,0.0,0.0,0.0,0.0,0.0,11.25,0.0,6.77,0.0,0.0,0.0,7.6,0.0,0.0,1.8,11.74,20.37,0.0,0.0,9.76,9.92,10,1985,93.76172173540273,10,88.01301690321331,5.748704832189418,9,0.6387449813543797,93.76,9,0.0
1943025,01/11/1985,0.0,2.92,8.5,24.32,10.36,0.99,0.06,0.0,0.0,0.0,0.0,0.0,0.0,0.0,0.0,0.0,0.0,0.0,0.0,0.0,0.0,12.41,20.14,2.92,0.06,9.8,11.29,19.67,16.88,10.36,,11,1985,150.68307147428072,13,143.18307147428072,7.5,12,0.625,150.68,12,0.0
1943025,01/12/1985,49.79,0.0,0.0,12.05,22.38,0.0,22.58,0.29,2.81,0.0,0.0,0.0,0.0,58.43,84.56,13.14,0.0,12.35,0.0,0.0,0.0,21.68,3.21,16.62,36.88,32.91,0.49,28.93,11.05,0.49,24.96,12,1985,455.6029630333278,17,444.90768927243107,10.695273760896725,17,0.6291337506409839,455.59999999999997,17,0.0
1943025,01/01/1986,68.96,27.75,18.57,14.3,2.35,61.91,28.82,70.67,22.31,11.32,6.51,0.0,12.81,24.87,7.9,5.87,3.74,0.0,0.0,0.0,0.0,0.0,0.0,0.0,0.0,0.0,0.0,0.0,13.45,3.84,0.0,1,1986,405.9611812836185,18,396.9611812836185,9.0,18,0.5,405.94999999999993,18,0.01
1943025,01/02/1986,0.0,0.0,0.0,0.17,71.58,34.49,1.87,0.0,0.0,0.0,0.0,0.0,0.0,2.32,2.1,8.58,0.0,7.01,0.0,0.0,0.0,0.0,0.0,0.0,0.0,0.0,0.0,0.0,,,,2,1986,128.1232642635826,7,124.01156133048443,4.111702933098172,7,0.5873861332997389,128.12,7,0.0
1943025,01/03/1986,0.0,0.0,0.0,0.0,5.74,0.0,0.0,0.0,0.0,0.0,0.0,0.0,0.82,0.0,0.0,0.0,0.0,0.0,0.0,0.0,3.01,0.0,0.0,0.0,0.0,0.0,0.0,36.06,0.0,0.0,0.0,3,1986,45.621674591782934,4,43.621674591782934,2.0,3,0.6666666666666666,45.63,3,-0.01
1943025,01/04/1986,0.0,0.0,0.0,0.0,0.0,0.0,0.0,0.0,0.0,0.0,0.0,0.0,0.0,0.0,0.0,0.0,2.2,0.0,0.0,0.0,0.0,0.0,0.0,8.62,8.02,2.61,0.0,0.0,0.0,0.0,,4,1986,21.442588155574867,4,19.442588155574867,2.0,4,0.5,21.45,4,-0.01
1943025,01/05/1986,0.0,0.0,0.0,0.0,0.0,0.0,0.0,0.0,0.0,0.0,0.0,9.63,0.0,17.02,0.0,0.0,0.0,0.0,0.0,0.0,0.0,0.33,0.0,0.0,0.0,0.0,0.0,0.0,0.0,0.0,0.0,5,1986,26.97256443770049,2,25.195449049641926,1.777115388058565,2,0.8885576940292825,26.979999999999997,2,-0.01
1943025,01/06/1986,8.46,0.0,0.0,0.0,0.0,0.0,0.0,0.0,0.0,0.0,0.0,3.57,0.0,0.0,0.0,0.0,0.0,0.0,0.0,0.0,0.0,0.0,0.0,0.0,0.0,0.0,0.0,0.0,0.0,0.0,,6,1986,12.02631930448471,2,11.02631930448471,1.0,2,0.5,12.030000000000001,2,-0.0
1943025,01/07/1986,0.0,0.0,0.0,0.0,0.0,0.0,0.0,0.0,0.0,0.0,0.0,0.0,0.0,0.0,0.0,0.0,0.0,0.0,0.0,0.0,0.0,0.0,0.75,30.64,0.0,0.0,0.0,0.0,0.0,0.0,0.0,7,1986,31.39546815166306,2,30.39546815166306,1.0,1,1.0,31.39,1,0.01
1943025,01/08/1986,0.0,0.0,0.0,0.0,0.0,0.0,0.0,0.0,0.0,0.0,0.0,0.0,0.0,0.0,0.0,0.0,0.0,0.0,0.0,5.26,0.3,11.48,0.0,0.0,0.0,15.83,11.04,0.39,0.74,0.0,0.0,8,1986,45.04644019450519,5,41.54644019450518,3.500000000000007,4,0.8750000000000018,45.04,4,0.01
1943025,01/09/1986,0.0,0.0,0.0,0.0,0.0,0.0,0.0,0.0,0.0,0.0,0.0,0.0,0.0,0.0,0.0,0.0,0.0,0.0,0.0,0.0,0.0,0.0,0.0,0.0,0.0,0.0,0.54,0.87,0.46,5.04,,9,1986,6.9107934657912935,3,4.9107934657912935,2.0,1,2.0,6.91,1,0.0
1943025,01/10/1986,0.0,0.0,0.0,0.0,0.0,0.0,0.0,0.0,0.0,0.0,0.0,0.33,7.55,0.0,0.0,0.16,0.0,0.0,0.0,0.0,0.0,0.0,0.66,0.0,0.66,0.0,0.0,0.0,0.0,0.0,0.0,10,1986,9.367882012467291,3,6.453373958818296,2.914508053648995,1,2.914508053648995,9.36,1,0.01
1943025,01/11/1986,0.0,0.0,0.0,0.0,0.0,0.0,0.0,0.62,0.0,0.0,0.0,25.25,48.52,10.36,5.52,0.0,0.06,0.0,0.0,0.0,0.0,0.0,0.0,0.0,0.0,0.0,8.04,10.74,24.51,7.38,,11,1986,141.00361536969442,9,136.00361536969442,5.0,8,0.625,141.0,8,0.0
1943025,01/12/1986,5.19,0.1,1.62,0.0,0.0,0.0,0.0,0.0,5.39,1.62,10.36,31.81,9.96,17.51,27.34,24.06,0.0,0.0,0.0,0.0,0.0,0.0,20.89,22.18,10.85,19.89,6.48,3.01,0.0,3.21,17.91,12,1986,239.3728233944451,18,229.8728233944451,9.5,18,0.5277777777777778,239.37999999999997,18,-0.01
1943025,01/01/1987,47.19,0.0,0.0,0.0,0.0,0.0,0.0,0.0,0.0,0.0,0.0,0.0,0.0,0.0,0.0,0.0,0.0,37.9,0.0,14.21,25.31,2.89,2.14,39.5,37.69,2.36,5.56,0.0,19.97,7.27,2.68,1,1987,244.66553444702961,13,238.0587868316513,6.6067476153783105,13,0.5082113550291008,244.67000000000004,13,-0.0
1943025,01/02/1987,0.0,0.0,0.0,0.0,0.0,0.0,0.0,0.0,0.0,0.0,3.82,17.45,0.0,0.0,0.0,0.0,0.0,0.0,0.0,0.0,0.0,0.39,0.0,0.0,0.0,0.0,0.0,0.0,,,,2,1987,21.670369021041864,2,19.72355728864925,1.9468117323926144,2,0.9734058661963072,21.66,2,0.01
1943025,01/03/1987,0.0,0.0,0.0,0.0,29.65,0.0,27.12,0.0,0.0,13.02,6.74,40.8,14.24,0.11,0.0,0.0,0.11,0.01,0.0,0.0,0.72,4.1,20.53,0.0,0.0,0.0,0.0,0.0,0.0,0.0,0.0,3,1987,157.14132359391903,9,151.14132359391903,6.0,8,0.75,157.15,8,-0.01
1943025,01/04/1987,0.0,0.0,0.0,130.9,6.35,87.31,0.0,0.0,0.0,0.0,0.0,0.0,0.0,0.0,0.0,0.0,0.0,0.0,0.0,0.0,0.0,0.0,0.0,0.0,8.46,0.0,0.0,0.0,0.0,5.15,,4,1987,238.17304694299747,5,234.97165387248805,3.2013930705094253,5,0.640278614101885,238.17000000000002,5,0.0
1943025,01/05/1987,0.89,0.0,0.0,0.0,0.0,0.0,0.0,0.0,0.0,24.37,18.28,0.0,0.0,0.0,0.0,0.0,0.0,0.0,0.98,0.0,0.0,0.0,0.0,3.03,2.66,0.0,0.0,0.0,2.39,0.42,0.0,5,1987,53.02141091520576,7,48.744295527147194,4.277115388058569,5,0.8554230776117138,53.02000000000001,5,0.0
1943025,01/06/1987,0.0,0.0,0.0,0.0,0.0,0.0,0.0,0.0,2.37,0.0,0.0,0.0,0.0,0.0,0.0,0.0,0.16,0.82,0.0,0.0,0.0,0.0,0.0,2.56,4.44,0.0,0.0,0.0,0.0,0.0,,6,1987,10.335118152291548,4,7.365340054460114,2.9697780978314334,3,0.9899260326104778,10.350000000000001,3,-0.01
1943025,01/07/1987,0.0,0.0,0.0,0.0,0.0,0.0,0.0,0.0,0.0,4.33,0.0,0.0,0.0,0.0,0.0,0.0,0.0,0.0,0.0,0.0,0.0,0.0,0.0,0.0,0.0,0.0,0.0,0.0,0.0,0.0,0.0,7,1987,4.333730266333858,1,3.833730266333858,0.5,1,0.5,4.33,1,0.0
1943025,01/08/1987,0.0,0.0,0.0,0.0,0.0,0.0,0.0,0.0,0.0,0.0,0.0,0.0,0.0,0.0,0.0,0.0,0.0,0.0,0.0,0.0,3.91,0.0,0.0,0.0,0.0,0.0,0.0,0.0,0.0,0.0,0.0,8,1987,3.909355756525105,1,3.409355756525105,0.5,1,0.5,3.91,1,-0.0
1943025,01/09/1987,0.0,0.0,0.0,0.0,0.0,0.0,0.0,0.0,13.89,0.3,0.0,0.0,0.0,0.0,0.0,0.0,0.0,0.0,11.89,13.89,0.0,0.95,23.54,5.22,1.84,0.0,0.0,0.0,0.0,0.0,,9,1987,71.5186765645843,7,67.11688624680573,4.401790317778563,6,0.7336317196297605,71.52,6,-0.0
1943025,01/10/1987,0.0,0.0,0.0,0.0,0.0,0.0,4.89,0.0,0.0,0.0,0.0,0.0,0.0,0.0,0.0,0.0,0.0,0.0,0.0,0.0,27.44,11.69,4.06,74.2,0.0,0.0,0.0,0.0,0.0,0.74,7.13,10,1987,130.1555288457845,7,126.65552884578449,3.5,6,0.5833333333333334,130.15,6,0.01
1943025,01/11/1987,0.0,0.0,0.0,0.0,0.0,0.0,0.0,3.74,0.0,0.43,11.38,0.0,2.81,0.24,1.88,29.25,62.94,0.0,0.0,0.0,0.0,0.0,3.09,0.0,0.0,3.0,0.52,0.0,15.38,0.0,,11,1987,134.67474022438802,10,128.3024534511347,6.3722867732533075,9,0.708031863694812,134.66,9,0.01
1943025,01/12/1987,3.23,0.0,24.39,29.85,15.94,2.04,26.87,59.65,100.37,0.29,18.43,11.97,29.85,22.9,6.01,0.0,0.0,0.0,49.52,42.07,2.54,19.12,12.77,0.0,0.0,0.0,90.64,0.0,0.0,0.0,0.29,12,1987,568.733936413524,19,558.233936413524,10.5,19,0.5526315789473685,568.74,19,-0.01
1943025,01/01/1988,49.19,2.54,4.89,15.03,1.79,0.14,7.34,9.9,21.43,0.25,16.1,32.11,11.83,0.0,0.0,0.0,0.0,0.0,0.0,0.0,0.0,0.0,0.0,0.0,0.0,0.0,0.0,0.0,0.0,0.0,3.71,1,1988,176.24031298954884,12,169.24031298954884,7.0,12,0.5833333333333334,176.25000000000003,12,-0.01
1943025,01/02/1988,38.09,12.29,43.12,51.5,3.69,60.99,20.11,9.16,27.26,3.35,41.78,47.92,2.23,0.0,0.0,0.0,0.0,24.57,0.0,0.0,0.0,0.0,0.0,15.64,0.0,0.0,0.0,0.0,0.0,,,2,1988,401.68374742096165,15,394.18374742096165,7.5,15,0.5,401.7,15,-0.02
1943025,01/03/1988,0.0,0.0,0.0,4.7,3.58,85.29,2.16,0.0,0.0,3.68,0.0,0.0,0.0,0.0,0.0,0.11,0.0,0.0,30.55,0.0,0.0,0.0,0.0,0.0,0.0,0.0,0.0,0.0,0.0,0.0,0.0,3,1988,130.0724633361278,6,126.26831883884924,3.804144497278571,6,0.6340240828797619,130.07,6,0.0
1943025,01/04/1988,0.0,0.0,0.2,0.0,5.39,0.0,0.7,0.0,0.0,0.0,0.0,0.0,0.0,26.44,0.0,0.0,5.99,24.43,0.0,0.0,0.0,0.0,0.0,1.89,0.0,0.0,0.0,0.0,5.59,0.0,,4,1988,70.64030210130973,7,65.33871002072749,5.301592080582239,6,0.8835986800970398,70.63000000000001,6,0.01
1943025,01/05/1988,0.0,0.0,0.0,0.0,0.0,0.0,0.0,0.0,0.24,0.0,0.0,0.0,0.0,0.0,0.0,0.0,0.0,0.0,0.0,0.0,0.0,0.0,0.0,0.0,0.0,0.0,5.43,0.0,0.0,0.0,0.42,5,1988,6.096538537288469,1,4.596538537288469,1.5,1,1.5,6.09,1,0.01
1943025,01/06/1988,0.0,0.0,0.0,0.0,0.0,0.0,0.0,0.0,0.0,0.0,0.0,0.0,0.0,0.0,0.0,0.0,0.0,0.0,0.0,0.0,0.0,0.0,0.0,0.0,0.0,0.0,0.0,0.0,0.0,0.0,,6,1988,0.1879112391325736,0,0.0,0.1879112391325736,0,inf,0.0,0,0.19
1943025,01/07/1988,0.0,0.0,0.0,0.0,0.0,0.0,0.0,0.0,3.18,0.0,0.0,0.0,0.0,0.0,0.0,0.0,0.0,0.0,0.0,0.0,0.0,0.0,0.0,0.0,0.0,0.0,0.0,0.0,0.0,0.0,0.0,7,1988,3.1780688619781623,1,1.907627925741032,1.2704409362371303,1,1.2704409362371303,3.18,1,-0.0
1943025,01/08/1988,0.0,0.0,0.0,0.0,0.0,0.0,2.75,0.0,0.0,0.0,0.0,0.0,0.0,0.0,0.0,0.0,0.0,0.0,0.0,0.0,0.0,0.0,0.0,0.0,0.0,0.0,0.0,0.0,0.0,0.0,0.0,8,1988,2.7543188284608693,1,2.2543188284608693,0.5,1,0.5,2.75,1,0.0
1943025,01/09/1988,0.0,0.0,0.0,0.0,0.0,0.0,0.0,0.0,0.0,0.0,0.0,0.0,0.0,0.0,0.0,0.0,0.0,0.0,0.0,0.0,0.0,0.0,0.0,0.0,0.0,0.0,0.0,0.0,0.0,0.95,,9,1988,1.4464451440028288,1,0.9464451440028288,0.5,0,inf,0.95,0,0.5
1943025,01/10/1988,3.61,0.0,0.0,0.0,0.0,28.23,3.61,0.0,0.0,0.0,0.0,3.78,5.43,0.0,0.0,0.0,5.02,26.33,0.0,0.0,0.0,0.0,3.36,9.33,0.0,0.0,21.68,5.85,0.41,0.0,0.0,10,1988,116.64256629682725,11,110.64256629682725,6.0,11,0.5454545454545454,116.63999999999999,11,0.0
1943025,01/11/1988,0.0,0.0,7.07,6.52,25.22,2.14,10.33,7.45,0.0,9.31,0.0,0.0,0.0,0.0,0.0,0.0,14.89,0.0,0.0,0.0,12.1,21.78,5.03,42.35,0.0,0.0,8.66,28.85,0.0,2.98,,11,1988,204.66465359601193,15,197.16465359601193,7.5,15,0.5,204.67999999999998,15,-0.02
1943025,01/12/1988,0.0,0.0,28.87,0.0,0.0,0.0,0.0,0.0,0.0,11.19,8.31,14.97,89.46,6.03,13.97,32.15,27.48,14.27,0.1,2.55,0.0,45.56,4.04,0.99,10.0,25.89,0.0,0.0,0.0,0.0,0.0,12,1988,335.8172265131198,16,327.3172265131198,8.5,15,0.5666666666666667,335.83,15,-0.01
1943025,01/01/1991,2.18,0.0,0.0,19.58,5.38,3.25,46.8,0.14,0.0,28.01,42.21,47.01,17.55,7.52,12.32,32.28,7.52,12.64,23.85,4.1,0.0,0.0,0.0,14.45,21.39,9.86,16.27,23.31,8.37,0.78,32.28,1,1991,439.0529420508869,24,426.5529420508869,12.5,23,0.5434782608695652,439.04999999999995,23,0.0
1943025,01/02/1991,26.16,0.0,0.0,3.37,0.0,0.0,0.0,0.0,0.0,34.31,2.81,5.16,7.95,0.0,7.95,21.02,13.53,0.84,55.42,0.39,0.0,10.96,1.92,1.92,23.03,0.0,28.95,0.62,,,,2,1991,246.3049674814295,17,236.85815574903688,9.446811732392604,15,0.6297874488261735,246.31,15,-0.01
1943025,01/03/1991,0.82,0.21,2.54,0.82,0.0,1.73,0.0,0.0,0.0,0.0,0.0,0.0,0.0,0.0,0.92,0.0,0.0,0.0,0.0,8.22,16.63,3.56,12.38,69.15,6.5,3.45,0.0,3.35,3.76,0.0,0.0,3,1991,134.02634180074898,14,126.22219730347042,7.804144497278557,11,0.7094676815707779,134.04,11,-0.01
1943025,01/04/1991,3.21,21.94,19.04,0.0,0.0,0.0,0.0,0.0,0.0,0.0,0.0,0.0,0.0,0.0,0.0,0.0,0.0,0.0,0.0,0.0,1.5,0.0,0.0,0.0,0.0,0.0,0.0,26.55,4.31,0.0,,4,1991,76.55204369560371,6,73.55204369560371,3.0,6,0.5,76.55,6,0.0
1943025,01/05/1991,0.0,0.0,0.0,0.0,0.0,0.0,0.0,0.0,0.0,0.0,0.0,0.0,0.0,0.0,0.0,0.0,0.0,2.75,0.0,0.0,51.89,0.0,0.0,0.0,0.0,0.0,0.0,0.0,2.01,0.05,0.0,5,1991,56.716282755986654,3,54.716282755986654,2.0,3,0.6666666666666666,56.699999999999996,3,0.02
1943025,01/06/1991,0.0,0.44,0.0,0.0,0.35,0.0,0.0,0.0,0.0,0.0,0.0,0.0,0.0,0.0,2.88,0.0,0.0,0.0,0.0,0.0,0.0,0.0,0.0,0.0,0.0,0.0,0.0,0.0,0.0,0.0,,6,1991,3.6642691630851854,1,2.1642691630851854,1.5,1,1.5,3.67,1,-0.01
1943025,01/07/1991,0.0,0.0,0.0,0.0,0.0,0.0,0.0,0.0,0.0,0.0,0.0,0.0,0.0,0.0,0.0,3.64,4.6,0.0,0.46,0.08,0.0,0.0,0.0,0.0,0.0,0.0,0.0,0.0,0.0,0.0,0.46,7,1991,9.245291234845563,2,6.745291234845563,2.5,2,1.25,9.24,2,0.01
1943025,01/08/1991,0.0,0.0,0.0,0.57,0.0,0.0,0.0,0.0,0.0,0.0,0.0,0.0,0.0,0.0,4.82,0.0,0.0,0.0,0.0,0.92,0.0,0.0,0.0,0.0,0.0,0.0,0.0,0.0,0.0,0.0,0.0,8,1991,6.308278607120055,3,4.364033634787656,1.944244972332399,1,1.944244972332399,6.3100000000000005,1,-0.0
1943025,01/09/1991,0.0,0.0,0.0,0.0,0.0,0.0,0.0,0.0,0.0,0.0,0.0,0.0,0.0,0.0,0.0,0.0,0.0,8.84,0.0,24.11,14.46,0.0,0.0,0.0,0.0,5.63,4.02,0.0,0.0,0.0,,9,1991,57.05422512455602,5,54.55422512455602,2.5,5,0.5,57.06,5,-0.01
1943025,01/10/1991,19.32,0.0,0.0,0.0,61.51,0.0,0.0,4.15,14.34,0.0,0.0,0.0,0.0,0.0,0.0,2.9,6.63,0.0,0.0,0.0,0.0,0.0,0.0,0.0,0.0,0.0,0.0,0.0,0.0,0.0,0.0,10,1991,108.84981488822615,6,105.84981488822615,3.0,6,0.5,108.85,6,-0.0
1943025,01/11/1991,36.77,13.13,19.46,16.85,0.43,0.0,0.0,8.75,14.34,2.52,0.0,0.0,0.0,60.6,61.53,11.27,23.83,23.37,8.1,0.43,18.06,4.19,0.0,30.44,2.24,0.0,0.0,0.0,0.8,5.12,,11,1991,362.235030375479,19,351.4558152955391,10.779215079939945,18,0.5988452822188859,362.2300000000001,18,0.01
1943025,01/12/1991,4.56,7.34,11.32,0.0,0.0,0.0,4.07,39.13,0.0,17.97,0.99,0.0,18.27,0.0,0.0,5.56,5.76,0.99,16.38,1.78,14.0,11.52,0.0,0.0,0.0,0.0,21.95,18.97,5.56,0.1,0.0,12,1991,206.1983325173726,18,196.6983325173726,9.5,16,0.59375,206.21999999999997,16,-0.02
1943025,01/01/1992,9.95,4.61,7.49,22.44,2.69,0.0,0.0,9.63,9.63,43.79,3.65,0.0,52.32,95.02,118.29,41.76,3.75,14.43,18.06,21.37,9.63,50.19,53.39,36.31,8.56,6.42,4.29,0.03,40.26,24.25,22.54,1,1992,734.7438366487369,27,720.7438366487369,14.0,27,0.5185185185185185,734.7499999999998,27,-0.01
1943025,01/02/1992,12.36,13.48,68.77,69.33,36.94,23.53,16.16,22.98,9.01,9.8,0.0,0.0,0.62,0.0,0.0,0.0,0.39,0.0,0.0,0.0,0.0,0.0,0.0,0.0,0.0,0.0,3.99,62.07,1.75,,,2,1992,351.194021660596,14,343.694021660596,7.5,13,0.5769230769230769,351.18,13,0.01
1943025,01/03/1992,33.78,9.45,12.49,0.51,0.0,0.0,0.0,0.0,0.0,0.0,0.0,0.0,0.0,6.61,0.0,0.0,0.0,0.0,0.82,0.0,0.0,0.0,0.0,0.0,0.0,0.0,0.0,0.0,0.0,0.0,0.0,3,1992,63.667581430310406,6,60.36343693303185,3.304144497278557,4,0.8260361243196392,63.660000000000004,4,0.01
1943025,01/04/1992,0.0,0.0,0.0,24.43,2.69,0.0,0.0,0.0,5.09,9.1,0.0,0.8,0.0,0.0,5.09,30.14,10.1,2.29,0.5,0.0,0.0,4.19,49.88,0.0,2.09,0.0,0.0,4.09,0.0,0.0,,4,1992,150.49891312931518,14,143.49891312931518,7.0,12,0.5833333333333334,150.48000000000002,12,0.02
1943025,01/05/1992,0.0,0.0,0.0,0.0,0.0,0.0,4.71,9.24,21.43,0.0,0.0,0.0,0.0,0.0,0.0,0.0,0.0,0.0,0.0,0.0,5.63,0.0,0.0,0.0,0.0,0.0,0.0,0.0,0.0,0.0,0.0,5,1992,41.01307743266788,4,39.01307743266788,2.0,4,0.5,41.01,4,0.0
1943025,01/06/1992,0.0,0.0,0.0,0.0,0.0,0.0,0.0,0.0,0.0,0.0,0.0,0.0,0.0,0.0,0.0,0.0,0.0,0.0,0.0,0.0,2.35,0.0,0.0,0.0,0.0,0.0,0.0,0.0,0.0,0.0,,6,1992,2.34889048915717,1,1.8488904891571698,0.5,1,0.5,2.35,1,-0.0
1943025,01/07/1992,0.0,0.0,0.0,0.0,0.0,0.0,0.0,0.0,1.93,0.0,0.0,3.85,2.22,0.0,0.0,0.0,0.0,0.0,0.0,0.0,0.0,0.0,0.0,0.0,0.0,0.0,0.0,0.0,0.0,0.0,0.0,7,1992,7.993324713460227,3,6.493324713460227,1.5,3,0.5,8.0,3,-0.01
1943025,01/08/1992,0.0,0.0,0.0,0.0,0.0,0.0,0.0,0.0,0.0,0.0,0.0,0.0,0.0,0.83,0.0,0.0,0.0,0.0,0.0,0.0,0.0,0.0,0.0,2.81,0.0,0.0,0.0,0.0,0.0,0.0,0.0,8,1992,3.6428087731256653,2,2.6428087731256653,1.0,1,1.0,3.64,1,0.0
1943025,01/09/1992,0.0,0.0,0.0,0.0,2.93,1.64,6.87,0.71,0.0,0.0,0.0,0.0,0.0,1.72,0.06,0.0,7.59,1.72,0.0,2.85,3.65,0.3,1.96,0.0,0.0,0.0,8.95,41.9,25.83,2.12,,9,1992,110.81376964332782,14,102.81376964332782,8.0,13,0.6153846153846154,110.8,13,0.01
1943025,01/10/1992,0.0,0.0,8.03,73.94,0.33,8.44,4.05,3.88,0.83,16.32,0.0,0.0,0.0,0.0,0.0,0.33,0.0,0.0,0.0,0.0,0.0,13.83,3.88,0.0,4.3,5.63,0.0,3.8,2.14,0.33,20.71,10,1992,170.77731810338602,14,162.27731810338602,8.5,13,0.6538461538461539,170.77000000000004,13,0.01
1943025,01/11/1992,18.71,13.12,9.68,17.13,59.66,38.25,45.05,3.82,20.66,6.24,52.21,2.89,0.0,0.0,0.0,0.0,0.0,0.99,0.0,18.89,18.89,0.0,0.0,0.0,0.0,0.0,20.38,0.71,1.96,0.43,,11,1992,349.67035177817945,18,340.17035177817945,9.5,16,0.59375,349.6699999999999,16,0.0
1943025,01/12/1992,0.0,8.03,23.22,27.4,4.06,0.0,0.0,60.67,0.0,3.36,48.75,59.68,0.0,6.54,0.0,0.0,9.02,13.09,17.36,0.29,16.17,0.0,0.99,5.45,0.0,0.0,9.12,39.51,78.55,0.0,0.0,12,1992,431.26838140194224,18,421.37108211000117,9.897299291941067,17,0.5821940759965334,431.26,17,0.01
1943025,01/01/1993,0.0,0.0,0.0,51.45,0.0,8.97,49.1,11.42,3.42,0.0,2.13,0.0,0.0,0.0,0.0,0.0,0.0,0.0,0.0,14.41,67.25,16.65,120.73,18.79,0.0,0.0,0.0,0.0,0.0,0.0,0.0,1,1993,364.32961128608724,11,358.82961128608724,5.5,11,0.5,364.32000000000005,11,0.01
1943025,01/02/1993,0.0,0.0,5.1,16.83,2.08,0.0,9.79,0.0,0.0,0.0,0.0,0.0,0.0,45.87,0.62,23.53,0.0,0.0,0.0,0.0,0.0,0.0,0.0,0.0,0.0,4.76,0.0,0.0,,,,2,1993,108.57525097140565,8,104.57525097140565,4.0,7,0.5714285714285714,108.58,7,-0.0
1943025,01/03/1993,0.0,0.0,0.0,0.0,0.0,0.0,0.0,0.0,0.0,0.0,0.0,0.0,0.0,7.36,0.0,0.0,0.62,31.09,0.0,0.0,6.25,0.0,0.0,0.0,0.0,0.0,0.0,0.0,0.0,0.0,0.0,3,1993,45.317530094504384,4,43.317530094504384,2.0,3,0.6666666666666666,45.32,3,-0.0
1943025,01/04/1993,14.79,20.1,2.06,2.56,0.0,0.2,16.19,14.09,0.0,8.07,4.37,2.86,0.0,0.0,0.0,0.0,0.0,0.0,0.0,0.0,0.0,0.0,0.0,0.0,1.66,2.76,0.0,0.0,0.0,2.06,,4,1993,91.78229322666625,12,85.0818952065207,6.700398020145556,12,0.5583665016787963,91.77000000000001,12,0.01
1943025,01/05/1993,0.0,0.0,0.0,0.0,22.38,0.15,0.0,0.0,0.0,0.0,0.0,0.0,0.0,0.0,0.0,0.61,0.42,0.0,0.0,0.0,0.0,0.0,0.0,0.0,0.0,0.0,0.0,0.0,0.0,0.0,0.0,5,1993,23.554807984978172,2,21.092949004880563,2.4618589800976096,1,2.4618589800976096,23.56,1,-0.01
1943025,01/06/1993,7.17,0.0,0.0,0.06,0.0,0.0,0.0,0.0,0.0,0.0,0.0,0.0,0.0,0.0,0.0,0.0,0.0,0.0,0.0,0.0,0.0,0.0,0.0,0.0,0.0,0.0,0.0,0.0,0.0,0.0,,6,1993,7.234582706604082,1,5.482937750073789,1.7516449565302938,1,1.7516449565302938,7.2299999999999995,1,0.0
1943025,01/07/1993,0.0,0.0,0.0,0.0,0.0,0.0,0.0,0.0,0.0,0.0,0.0,0.0,0.0,0.0,0.0,0.0,0.0,0.0,0.0,0.0,0.0,0.0,0.0,0.0,0.0,0.0,0.0,0.0,0.0,0.0,0.0,7,1993,0.0,0,0.0,0.0,0,,0.0,0,0.0
1943025,01/08/1993,0.0,0.0,0.0,0.0,0.0,0.0,0.0,0.0,0.0,0.0,0.0,0.0,0.66,2.21,0.0,0.0,0.0,0.0,0.0,7.27,0.0,5.85,0.0,0.0,0.0,0.0,0.0,0.0,0.0,0.0,0.0,8,1993,15.992819003966337,4,13.992819003966336,2.0000000000000018,3,0.6666666666666673,15.989999999999998,3,0.0
1943025,01/09/1993,0.0,0.0,0.0,0.0,0.0,0.0,0.0,0.0,0.0,0.0,0.0,0.0,0.0,0.0,0.0,0.0,0.0,0.0,0.0,0.0,0.0,3.71,0.54,16.01,0.0,0.0,0.06,0.0,19.95,0.63,,9,1993,40.90225434985777,5,37.90225434985777,3.0,3,1.0,40.9,3,0.0
1943025,01/10/1993,0.0,0.0,4.75,0.0,0.0,0.0,0.0,0.0,0.0,0.0,0.0,0.0,0.0,0.0,0.0,0.0,0.0,0.0,0.0,0.0,0.0,0.0,0.0,0.0,7.98,0.0,15.36,2.18,0.0,0.0,0.0,10,1993,30.259087916376647,4,27.844579862727652,2.4145080536489942,4,0.6036270134122486,30.27,4,-0.01
1943025,01/11/1993,0.0,0.0,5.58,0.0,0.0,0.0,26.8,0.0,17.5,0.0,0.0,0.0,0.0,0.0,0.0,0.0,0.0,0.0,3.72,0.0,3.35,3.72,0.0,0.0,0.0,0.0,19.92,9.12,0.0,0.0,,11,1993,89.7211123540498,8,85.7211123540498,4.0,8,0.5,89.71000000000001,8,0.01
1943025,01/12/1993,0.0,12.94,0.0,0.0,0.0,0.0,0.0,0.0,0.0,0.69,6.98,12.94,0.0,0.0,6.98,11.35,5.19,4.4,9.27,42.04,11.15,6.98,20.89,19.5,27.84,0.0,0.0,0.0,5.79,10.16,40.55,12,1993,255.66209436402556,18,246.66209436402556,9.0,17,0.5294117647058824,255.64,17,0.02
1943025,01/01/1994,42.76,0.0,7.53,81.83,10.73,4.75,0.0,0.0,32.08,57.7,21.41,6.68,14.79,4.33,3.47,3.26,0.0,3.69,2.19,6.78,0.0,5.39,16.28,9.02,12.65,10.3,0.57,12.87,0.0,0.0,0.0,1,1994,371.05471105491927,23,358.80747774727126,12.247233307648003,22,0.5566924230749092,371.05999999999995,22,-0.01
1943025,01/02/1994,0.0,0.0,0.0,0.0,0.0,0.0,0.0,0.0,0.0,0.0,0.0,0.0,0.0,0.0,0.0,0.0,0.0,0.0,0.0,0.0,0.0,0.0,0.28,0.0,0.0,0.0,39.93,0.0,,,,2,1994,40.213055915335424,1,38.989650049139115,1.223405866196309,1,1.223405866196309,40.21,1,0.0
1943025,01/03/1994,0.0,8.72,5.68,18.25,7.1,32.24,72.99,7.1,0.0,0.0,0.0,0.0,3.75,29.0,3.35,7.7,32.44,6.39,0.0,2.03,2.33,0.0,0.0,14.8,31.43,0.0,0.0,10.75,0.0,5.07,0.0,3,1994,301.10305230576733,19,291.60305230576733,9.5,19,0.5,301.12,19,-0.02
1943025,01/04/1994,0.0,31.38,0.5,0.0,0.0,0.0,0.0,13.64,0.0,0.0,0.0,0.0,0.0,0.0,0.0,39.09,0.0,0.0,0.0,6.53,3.32,0.0,0.0,0.0,0.5,0.0,0.0,0.0,0.0,10.64,,4,1994,105.60975661670986,8,100.70896057641875,4.900796040291112,6,0.8167993400485187,105.60000000000001,6,0.01
1943025,01/05/1994,0.0,0.0,0.0,0.0,0.0,0.0,0.0,0.0,0.0,0.0,0.0,0.0,0.0,0.0,2.83,0.0,0.0,8.38,15.76,0.0,8.93,4.4,0.0,0.0,0.0,0.0,2.56,0.0,0.0,0.0,0.0,5,1994,42.86051335305832,6,39.491026168980234,3.369487184078089,6,0.5615811973463481,42.86,6,0.0
1943025,01/06/1994,0.0,0.0,0.0,0.0,0.0,0.0,0.0,0.0,0.0,0.0,0.0,0.0,0.0,0.0,0.0,0.0,0.0,0.0,0.0,0.0,0.0,0.0,0.0,0.0,0.0,5.92,0.0,0.0,0.0,0.0,,6,1994,5.919204032676069,1,5.137337173977208,0.7818668586988604,1,0.7818668586988604,5.92,1,-0.0
1943025,01/07/1994,0.0,0.0,0.0,0.0,0.0,0.0,0.0,0.0,0.0,0.0,0.0,0.0,0.0,0.0,0.0,0.0,0.0,0.0,0.0,0.0,0.0,0.0,0.0,0.0,0.0,0.0,0.0,0.0,0.0,0.0,0.0,7,1994,0.0,0,0.0,0.0,0,,0.0,0,0.0
1943025,01/08/1994,0.0,0.0,0.0,0.0,0.0,0.0,0.0,0.0,0.0,0.0,0.0,0.0,0.0,0.0,0.0,0.0,0.0,0.0,0.0,0.0,0.0,0.0,0.0,0.0,0.0,0.0,0.0,0.0,0.0,0.0,0.0,8,1994,0.0,0,0.0,0.0,0,,0.0,0,0.0
1943025,01/09/1994,0.0,0.0,0.0,0.0,0.0,0.0,0.0,0.0,0.0,0.0,0.0,0.0,0.0,0.0,0.0,0.0,0.0,0.0,0.0,0.0,0.0,0.0,0.0,0.0,0.0,0.0,0.0,4.66,0.0,0.0,,9,1994,4.660767686231337,1,4.160767686231337,0.5,1,0.5,4.66,1,0.0
1943025,01/10/1994,0.0,0.0,0.0,0.0,0.0,0.0,1.66,0.0,0.0,0.0,0.0,0.0,0.0,0.0,0.0,0.0,0.0,0.0,0.0,0.0,0.0,0.0,0.0,0.0,0.0,0.0,2.49,0.0,0.0,1.66,0.0,10,1994,5.803112751085933,3,4.303112751085933,1.5,3,0.5,5.8100000000000005,3,-0.01
1943025,01/11/1994,0.0,0.0,0.0,0.0,0.0,0.0,0.0,0.0,0.0,0.0,1.93,0.0,0.43,5.65,12.72,8.44,0.0,0.0,19.98,60.19,32.64,5.0,9.75,10.03,2.39,3.04,0.71,6.21,3.79,46.04,,11,1994,228.95636555079096,16,220.45636555079096,8.5,15,0.5666666666666667,228.93999999999997,15,0.02
1943025,01/12/1994,7.72,4.44,0.0,0.0,0.0,0.0,3.45,17.95,24.51,0.0,0.0,0.0,0.0,0.0,0.2,6.13,8.81,0.0,10.5,12.98,0.2,8.81,9.71,23.91,45.76,22.42,0.0,0.0,0.0,0.0,0.0,12,1994,207.48955521618083,14,199.4895552161808,8.000000000000028,14,0.5714285714285735,207.5,14,-0.01
1943025,01/01/1995,0.0,0.0,0.0,0.0,0.0,17.89,0.0,1.88,0.0,0.0,0.0,0.0,0.0,0.0,0.0,0.0,0.0,0.0,0.0,0.0,0.0,0.0,9.88,2.2,0.03,30.38,0.0,0.0,2.62,3.69,10.74,1,1995,79.31347822606587,8,74.81347822606587,4.5,8,0.5625,79.31,8,0.0
1943025,01/02/1995,12.88,24.05,11.99,0.62,0.0,0.0,0.0,20.92,69.29,15.67,33.77,6.74,5.4,10.54,0.0,6.18,15.67,12.32,0.0,18.8,0.0,0.0,0.0,0.0,0.0,0.0,0.0,0.0,,,,2,1995,264.84765437572304,15,257.34765437572304,7.5,14,0.5357142857142857,264.84000000000003,14,0.01
1943025,01/03/1995,0.0,0.0,0.0,0.0,28.43,30.76,9.68,0.0,0.0,0.0,0.0,0.0,0.0,4.1,75.27,17.28,0.0,0.0,0.0,0.0,0.0,0.0,18.29,5.11,4.81,27.42,0.01,4.3,0.0,0.0,0.0,3,1995,225.47245398250055,11,219.47245398250055,6.0,11,0.5454545454545454,225.45999999999998,11,0.01
1943025,01/04/1995,144.79,18.34,18.04,25.35,0.0,0.0,0.0,0.0,0.0,1.5,0.0,0.0,6.31,0.0,0.0,0.0,0.0,0.0,0.0,0.0,0.0,0.0,25.05,11.52,5.01,3.11,0.0,0.0,0.0,0.0,,4,1995,259.01444103813566,10,254.01444103813566,5.0,10,0.5,259.02,10,-0.01
1943025,01/05/1995,0.0,0.0,0.0,0.0,0.0,0.0,0.0,6.57,0.0,0.05,2.69,0.0,0.0,0.0,0.0,0.0,0.0,0.0,4.54,0.0,0.0,0.0,0.0,0.0,0.0,0.0,0.0,0.0,0.0,0.0,0.0,5,1995,13.855769402928338,3,11.20916683079168,2.6466025721366577,3,0.8822008573788859,13.850000000000001,3,0.01
1943025,01/06/1995,0.0,0.0,0.0,0.0,0.0,0.0,0.0,0.0,0.0,0.0,0.0,0.0,0.0,0.0,0.0,0.0,0.0,0.0,0.0,0.0,0.0,0.0,0.0,0.0,0.0,3.57,0.0,0.0,0.0,0.0,,6,1995,3.570313543518898,1,3.070313543518898,0.5,1,0.5,3.57,1,0.0
1943025,01/07/1995,0.0,0.0,0.0,0.0,0.0,0.0,0.0,0.0,0.0,0.0,0.0,0.0,0.0,8.63,0.17,0.46,0.0,0.37,0.0,0.0,0.0,0.0,0.0,0.0,0.0,0.0,0.0,0.0,0.0,0.0,0.0,7,1995,9.630511702964128,1,7.245291234845563,2.3852204681185647,1,2.3852204681185647,9.63,1,0.0
1943025,01/08/1995,0.0,0.0,0.0,0.0,0.0,0.0,0.0,0.0,0.0,0.0,0.0,0.0,0.0,0.0,0.0,0.0,0.0,0.0,0.0,0.0,0.66,0.39,0.0,0.0,0.0,0.0,0.0,0.0,0.0,0.0,0.0,8,1995,2.3989228505949507,1,1.0435268727290319,1.3553959778659188,0,inf,1.05,0,1.35
1943025,01/09/1995,0.0,0.0,0.0,0.0,0.0,0.0,0.0,0.0,0.0,0.0,0.0,0.0,0.0,0.0,0.0,0.0,6.63,0.87,0.0,0.0,0.46,0.0,0.0,0.0,0.0,0.0,0.0,0.0,0.0,0.0,,9,1995,7.955448292015558,2,6.455448292015558,1.5,1,1.5,7.96,1,-0.0
1943025,01/10/1995,0.0,0.0,0.0,0.0,0.0,0.0,39.28,0.0,22.7,0.33,10.85,0.0,7.78,0.0,0.0,0.0,0.0,0.0,0.0,0.0,4.22,0.41,0.0,0.0,0.0,0.0,0.0,0.0,0.0,54.21,27.68,10,1995,167.46125367419407,7,161.71772951324706,5.743524160947004,7,0.8205034515638577,167.46,7,0.0
1943025,01/11/1995,6.08,9.98,39.58,19.94,0.0,0.0,0.0,0.0,0.0,0.0,0.0,0.0,0.0,3.47,0.0,0.0,17.99,3.75,13.89,0.0,0.0,0.0,0.0,17.99,40.05,0.0,0.0,0.0,0.0,3.28,,11,1995,175.99857205550643,11,170.21935697556643,5.779215079940002,11,0.5253831890854547,175.99999999999997,11,-0.0
1943025,01/12/1995,0.99,19.92,0.0,9.29,36.8,30.85,0.0,0.0,4.52,0.1,3.33,0.0,29.75,54.68,38.29,0.0,43.06,5.02,6.51,0.0,5.02,16.44,0.0,10.48,54.58,35.12,29.36,26.87,11.08,11.28,8.0,12,1995,491.35989930801645,23,479.161249662046,12.198649645970477,22,0.5544840748168398,491.34,22,0.02
1943025,01/01/1996,43.55,8.11,8.11,0.0,0.0,0.0,0.0,0.67,37.78,13.23,6.4,48.14,4.69,0.0,0.0,0.03,0.0,0.0,2.34,2.23,0.0,0.0,0.0,0.0,0.0,0.0,0.0,0.0,0.0,0.0,0.0,1,1996,175.27958445114427,11,169.27958445114427,6.0,10,0.6,175.27999999999997,10,-0.0
1943025,01/02/1996,0.0,0.0,0.0,5.03,3.69,3.69,3.02,3.69,0.0,0.0,0.0,0.0,0.0,2.57,0.0,0.0,0.0,0.0,0.0,0.0,61.1,0.0,36.3,7.82,10.84,0.0,0.0,0.0,0.0,,,2,1996,137.72971651002382,10,132.72971651002382,5.0,10,0.5,137.75,10,-0.02
1943025,01/03/1996,0.0,0.0,0.0,0.0,0.0,0.0,0.0,0.0,0.0,4.38,16.04,37.83,0.41,8.43,0.0,0.0,0.0,0.0,0.0,0.0,0.0,0.0,0.0,0.0,17.15,0.01,0.0,0.0,0.0,0.0,0.0,3,1996,84.24802574615916,5,80.13973675160206,4.1082889945571,5,0.82165779891142,84.25000000000001,5,-0.0
1943025,01/04/1996,0.0,0.0,0.0,0.0,0.0,0.0,0.0,0.0,0.0,0.0,0.0,0.0,43.59,0.0,18.04,0.0,0.0,10.02,2.81,0.0,0.0,0.0,0.0,0.0,0.0,0.0,0.0,0.0,0.0,0.0,,4,1996,74.44786448407535,4,72.44786448407535,2.0,4,0.5,74.46000000000001,4,-0.01
1943025,01/05/1996,0.0,0.0,0.0,0.0,0.0,0.0,0.0,0.0,0.0,0.0,0.89,2.99,0.0,0.0,0.0,0.0,0.42,2.35,0.24,0.0,0.0,0.0,9.28,0.0,0.0,0.0,0.0,0.0,0.0,0.0,0.0,5,1996,16.165064303416393,4,13.165064303416393,3.0,3,1.0,16.17,3,-0.0
1943025,01/06/1996,0.0,0.0,0.0,0.0,0.0,0.0,0.0,0.0,0.0,0.0,0.0,0.0,0.0,0.0,0.0,0.0,0.0,0.0,0.0,0.0,0.0,0.0,0.0,0.0,0.0,0.0,0.0,0.0,0.0,0.0,,6,1996,0.0,0,0.0,0.0,0,,0.0,0,0.0
1943025,01/07/1996,0.0,0.0,0.0,0.0,0.0,0.0,0.0,0.0,0.0,0.0,0.0,0.0,0.0,0.0,0.0,0.0,0.0,0.0,0.0,0.0,0.0,0.0,0.0,0.0,0.0,0.0,0.0,0.0,0.0,0.75,0.0,7,1996,1.2519665213853368,1,0.7519665213853368,0.5,0,inf,0.75,0,0.5
1943025,01/08/1996,0.0,0.0,0.0,0.0,0.0,0.0,0.0,0.0,0.0,0.0,0.03,0.0,0.0,0.0,11.66,0.0,0.0,0.0,0.0,0.0,0.0,0.0,0.0,0.0,0.92,0.0,0.0,0.0,0.0,0.0,0.0,8,1996,12.61655721424011,2,10.494614252974753,2.1219429612653578,1,2.1219429612653578,12.61,1,0.01
1943025,01/09/1996,0.0,0.0,0.0,4.99,0.38,0.06,7.16,0.0,0.0,0.0,0.0,0.0,0.54,0.0,0.0,0.0,0.0,11.82,9.89,0.0,0.0,0.0,0.0,0.0,0.0,4.51,3.46,0.0,0.0,0.0,,9,1996,42.83084787519488,7,38.33084787519488,4.5,6,0.75,42.81,6,0.02
1943025,01/10/1996,24.53,0.0,0.0,4.97,9.94,2.15,0.0,0.0,0.08,0.0,0.0,0.0,0.0,0.0,0.0,14.75,0.33,0.08,0.0,0.0,0.0,0.0,0.0,0.0,0.0,0.0,2.31,22.87,34.23,2.73,0.0,10,1996,118.96381139726161,9,112.30059851142322,6.663212885838391,9,0.7403569873153768,118.97000000000001,9,-0.01
1943025,01/11/1996,0.71,20.07,14.3,50.41,8.44,0.0,0.62,0.0,0.0,0.0,0.0,1.64,0.0,0.0,10.58,4.43,90.06,21.56,13.09,37.29,68.93,27.05,68.0,6.57,0.0,0.0,25.19,2.39,0.0,0.0,,11,1996,471.3150549387014,19,461.8150549387014,9.5,17,0.5588235294117647,471.33,17,-0.01
1943025,01/12/1996,0.0,16.46,5.93,14.68,20.93,0.0,0.0,0.0,17.85,0.0,0.0,47.25,25.2,0.2,5.84,11.3,4.54,0.0,9.11,0.99,13.19,11.2,9.11,17.95,45.07,44.97,30.87,8.22,3.05,0.0,0.0,12,1996,363.92615141794477,21,352.4295273030185,11.496624114926249,20,0.5748312057463124,363.91,20,0.02
1943025,01/01/1997,29.1,0.0,84.29,58.99,61.45,31.99,0.0,0.0,0.0,0.0,0.0,0.0,0.57,11.28,3.8,0.0,0.14,34.55,7.33,0.25,0.67,0.0,0.0,0.0,0.0,0.46,0.0,16.61,0.0,0.0,0.0,1,1997,341.48562159513426,12,333.6653787489994,7.8202428461348745,10,0.7820242846134875,341.48,10,0.01
1943025,01/02/1997,24.36,0.0,0.95,0.0,0.28,0.0,0.0,0.0,0.0,0.0,0.0,0.0,19.11,0.0,7.61,0.0,0.0,0.0,1.8,0.0,0.0,0.0,0.0,0.0,55.64,86.47,69.05,10.18,,,,2,1997,275.4594330200477,9,270.4594330200477,5.0,8,0.625,275.45,8,0.01
1943025,01/03/1997,85.97,0.01,15.0,53.33,22.71,49.47,9.22,0.0,0.21,17.84,0.0,0.0,0.0,4.46,0.0,7.5,12.77,5.47,10.54,0.0,0.01,0.0,0.0,0.0,0.0,0.0,0.0,0.0,19.87,37.51,2.43,3,1997,354.3283393295141,15,345.32833932951405,9.000000000000057,15,0.6000000000000038,354.32,15,0.01
1943025,01/04/1997,30.42,5.77,0.0,2.47,0.0,0.0,0.0,8.38,0.0,0.0,0.0,0.0,0.0,0.0,0.0,0.0,0.0,0.0,0.0,1.67,0.0,7.58,0.0,15.09,0.0,0.0,0.0,18.4,0.1,0.0,,4,1997,89.87851203528345,8,85.37851203528345,4.5,8,0.5625,89.88,8,-0.0
1943025,01/05/1997,0.0,0.0,0.0,0.0,0.05,0.0,0.0,0.0,0.0,0.0,0.0,0.0,0.0,0.0,0.0,0.15,6.22,0.0,0.0,0.0,0.0,0.0,0.0,0.05,0.0,7.33,0.0,0.0,0.0,0.05,0.0,5,1997,13.855769402928338,2,10.20916683079168,3.6466025721366577,2,1.8233012860683289,13.850000000000001,2,0.01
1943025,01/06/1997,0.0,0.0,0.0,0.0,0.0,11.93,0.0,3.38,0.0,0.0,0.0,0.0,0.0,0.0,5.26,1.5,0.0,0.0,0.0,0.0,0.0,0.0,0.0,0.0,0.0,0.0,0.0,0.0,0.0,0.0,,6,1997,22.079570598077396,4,20.079570598077396,2.0,4,0.5,22.07,4,0.01
1943025,01/07/1997,0.0,0.0,0.0,0.0,0.0,0.0,0.0,0.0,0.0,0.0,0.0,0.0,0.0,0.0,0.0,0.0,0.0,0.0,0.0,0.0,0.0,0.0,0.0,0.0,0.0,0.0,0.0,0.0,0.0,0.0,0.0,7,1997,0.0,0,0.0,0.0,0,,0.0,0,0.0
1943025,01/08/1997,0.0,0.0,0.0,0.0,0.0,0.0,0.0,0.0,8.26,1.78,0.0,0.0,0.0,0.0,0.0,0.0,0.0,0.0,0.0,0.0,0.0,0.0,0.0,0.0,0.0,0.0,0.0,0.0,0.0,0.0,0.0,8,1997,10.039936374712202,2,9.039936374712202,1.0,2,0.5,10.04,2,-0.0
1943025,01/09/1997,0.0,0.0,0.0,0.0,0.0,0.0,0.0,0.0,0.0,0.0,0.0,0.0,0.0,0.0,0.0,0.3,0.87,0.06,10.81,0.0,15.88,0.0,0.63,0.0,0.0,2.46,4.31,2.94,0.0,0.0,,9,1997,38.250438252519245,7,32.705783426294985,5.54465482622426,5,1.108930965244852,38.260000000000005,5,-0.01
1943025,01/10/1997,4.48,34.32,0.91,0.0,0.08,0.0,0.0,0.0,0.0,0.0,0.0,0.0,0.0,0.0,0.0,0.0,0.0,19.4,2.65,0.33,0.0,19.32,2.74,0.0,0.0,0.83,15.17,3.15,2.32,0.0,0.0,10,1997,105.69955368049378,11,98.95084884830437,6.748704832189404,9,0.7498560924654893,105.7,9,-0.0
1943025,01/11/1997,0.0,0.0,0.0,0.0,0.0,0.0,0.0,0.0,21.07,0.62,0.0,0.0,0.0,4.22,0.0,0.43,0.0,0.0,0.0,21.53,0.0,0.0,1.89,16.51,18.74,18.74,9.99,0.0,0.0,0.0,,11,1997,113.73360922888884,9,108.73360922888885,4.999999999999986,8,0.6249999999999982,113.73999999999998,8,-0.01
1943025,01/12/1997,29.91,0.0,0.0,0.0,0.0,0.0,0.0,7.37,6.77,2.6,3.29,0.0,0.0,19.98,0.2,27.23,22.66,43.12,25.44,9.15,0.0,0.0,23.06,0.0,0.0,0.0,0.49,29.91,0.0,0.0,0.0,12,1997,251.19247732968944,13,243.19585321476322,7.99662411492622,13,0.6151249319174016,251.18,13,0.01
1943025,01/01/1998,0.0,0.0,0.0,0.0,20.94,5.47,28.95,2.26,11.87,37.49,28.95,0.0,0.0,0.0,0.0,0.0,12.72,15.29,53.72,37.49,0.03,0.0,0.0,0.0,0.0,41.76,0.0,0.0,0.25,0.0,0.0,1,1998,297.18536121314594,12,289.65162313625444,7.533738076891495,12,0.6278115064076246,297.19,12,-0.0
1943025,01/02/1998,0.0,0.0,0.0,0.0,0.0,0.0,0.0,0.0,0.0,0.0,0.0,42.78,0.0,0.0,0.0,0.0,64.79,31.28,37.98,1.68,2.23,0.0,0.0,19.55,0.0,0.0,0.0,0.0,,,,2,1998,200.28335904499,7,196.78335904499,3.5,7,0.5,200.29,7,-0.01
1943025,01/03/1998,0.0,0.0,0.0,0.0,0.0,0.0,0.0,0.0,6.79,0.0,0.0,0.0,0.0,27.88,6.59,31.43,17.23,0.0,0.0,0.0,0.0,0.0,24.33,0.0,6.29,0.0,7.1,0.0,0.0,0.0,0.0,3,1998,127.63930735789937,8,123.63930735789937,4.0,8,0.5,127.63999999999999,8,-0.0
1943025,01/04/1998,0.0,7.4,0.0,0.0,0.0,0.0,0.0,0.0,0.0,2.09,0.0,0.0,0.0,0.0,0.0,0.0,0.0,1.79,19.12,6.6,0.0,0.0,0.0,0.0,0.0,3.59,0.0,0.0,0.0,0.0,,4,1998,40.5805990794758,6,37.0805990794758,3.5,6,0.5833333333333334,40.59,6,-0.01
1943025,01/05/1998,0.0,0.0,0.0,0.0,24.97,2.34,0.0,0.0,0.0,0.0,0.0,0.0,0.0,0.0,0.0,0.0,0.0,0.0,0.0,0.0,0.0,0.0,0.0,0.0,0.0,0.0,0.0,4.93,12.96,5.39,8.62,5,1998,59.21032124851376,6,56.02557765647471,3.184743592039048,6,0.5307905986731747,59.209999999999994,6,0.0
1943025,01/06/1998,0.0,0.0,0.0,0.0,0.0,0.0,0.0,0.0,0.0,0.0,0.0,0.0,0.0,0.0,0.0,0.0,0.0,0.0,0.0,0.0,0.0,0.0,0.0,0.0,0.0,0.0,0.0,0.0,0.0,0.0,,6,1998,0.0,0,0.0,0.0,0,,0.0,0,0.0
1943025,01/07/1998,0.0,0.0,0.0,0.0,0.0,0.0,0.0,0.0,0.0,0.0,0.0,0.0,0.0,0.0,0.0,0.0,0.0,0.0,0.0,0.0,0.0,0.0,0.0,0.0,0.0,0.0,0.0,0.0,0.0,0.0,0.0,7,1998,0.0,0,0.0,0.0,0,,0.0,0,0.0
1943025,01/08/1998,0.0,0.0,0.0,0.0,0.0,0.0,0.0,5.23,20.33,0.66,0.0,0.0,0.0,0.0,0.0,0.0,0.0,0.0,0.0,0.0,0.0,0.0,0.0,0.0,0.0,0.0,0.0,0.0,0.0,0.0,0.0,8,1998,26.210453367611496,3,24.532755378678537,1.6776979889329589,2,0.8388489944664794,26.22,2,-0.01
1943025,01/09/1998,0.0,0.0,0.0,0.0,0.0,0.0,0.0,0.0,0.0,0.0,0.0,0.0,0.0,0.0,0.0,0.0,0.0,0.0,0.0,0.0,0.0,0.0,0.0,0.0,0.0,0.0,0.0,0.0,0.0,0.0,,9,1998,0.0,0,0.0,0.0,0,,0.0,0,0.0
1943025,01/10/1998,0.0,0.0,0.0,0.0,0.0,0.0,0.0,6.97,3.49,5.73,0.0,17.58,27.12,2.66,0.0,0.0,0.0,10.12,0.08,2.66,0.08,0.0,0.0,0.0,0.0,0.0,0.0,0.0,4.07,8.13,40.8,10,1998,129.4923159599461,11,122.08039824191829,7.411917718027809,11,0.6738107016388917,129.49,11,0.0
1943025,01/11/1998,30.3,4.89,13.92,11.22,1.91,6.1,0.0,0.0,18.66,86.61,14.01,10.29,3.4,0.24,6.01,0.71,2.84,0.0,8.61,3.12,9.17,8.89,14.66,4.7,0.0,0.0,0.0,11.4,0.0,0.0,,11,1998,271.67627278160927,21,260.67627278160927,11.0,20,0.55,271.66,20,0.02
1943025,01/12/1998,18.99,0.0,0.0,0.0,2.8,4.58,21.47,21.47,0.0,0.1,0.0,0.0,0.0,22.96,0.0,9.25,30.9,1.7,4.58,7.56,0.49,0.0,0.0,0.0,6.67,0.0,0.0,0.0,0.0,11.04,15.01,12,1998,179.57927995732643,14,170.98333101941495,8.595948937911487,14,0.6139963527079634,179.56999999999996,14,0.01
1943025,01/01/1999,4.95,42.32,30.57,0.57,28.97,11.36,0.0,0.0,0.0,0.0,0.0,0.0,0.0,0.0,7.09,9.76,0.0,0.0,0.0,0.0,0.0,2.28,0.0,0.0,0.35,0.0,0.03,26.3,4.95,0.0,0.0,1,1999,169.51521322071684,11,163.01521322071684,6.5,10,0.65,169.5,10,0.02
1943025,01/02/1999,0.0,0.0,0.0,0.0,0.0,0.0,0.0,0.0,0.0,0.0,0.0,1.68,27.93,0.0,0.0,0.0,0.0,0.0,0.0,0.0,0.0,0.0,0.0,0.0,37.98,15.64,14.52,24.57,,,,2,1999,122.3147117424786,6,119.3147117424786,3.0,6,0.5,122.32,6,-0.01
1943025,01/03/1999,3.08,33.49,73.03,12.2,0.0,0.0,15.25,78.1,0.0,0.0,10.68,12.2,25.38,10.08,0.0,0.0,0.0,62.89,18.29,0.0,0.0,0.0,0.0,0.0,0.0,0.41,2.88,0.0,0.0,0.0,0.0,3,1999,357.97807329685673,13,350.97807329685673,7.0,13,0.5384615384615384,357.96000000000004,13,0.02
1943025,01/04/1999,0.0,0.0,0.0,0.0,0.0,0.0,0.0,0.5,0.0,0.5,9.27,0.0,0.0,0.0,0.0,2.25,13.28,4.26,16.28,4.26,0.0,0.0,0.5,0.0,0.0,0.0,0.0,0.0,0.0,0.0,,4,1999,51.10149513711767,9,46.60149513711767,4.5,6,0.75,51.1,6,0.0
1943025,01/05/1999,0.0,0.0,0.0,0.0,0.0,0.0,0.0,0.42,4.84,0.0,0.0,0.0,0.0,0.0,0.0,0.0,0.0,0.0,0.0,0.0,0.0,0.0,0.0,0.0,0.0,0.0,0.0,0.0,0.0,0.0,0.0,5,1999,5.265192373112768,1,4.265192373112768,1.0,1,1.0,5.26,1,0.01
1943025,01/06/1999,0.0,0.0,0.0,0.0,0.0,0.0,0.0,0.0,0.0,0.0,0.0,0.0,0.0,0.0,0.0,0.0,0.0,0.0,0.0,0.0,0.0,0.0,0.0,0.0,0.0,0.0,0.0,0.0,0.0,0.0,,6,1999,0.0,0,0.0,0.0,0,,0.0,0,0.0
1943025,01/07/1999,0.0,0.0,0.0,0.0,0.0,0.0,0.0,0.0,0.0,0.0,0.0,0.0,0.0,0.0,0.0,0.0,4.82,0.0,0.0,0.0,0.0,0.0,0.0,0.0,0.0,0.0,0.0,0.0,0.0,0.0,0.0,7,1999,4.815255851482064,1,4.315255851482064,0.5,1,0.5,4.82,1,-0.0
1943025,01/08/1999,0.0,0.0,0.0,0.0,0.0,0.0,0.0,0.0,0.0,0.0,0.0,0.0,0.0,0.0,0.0,0.0,0.0,0.0,0.0,0.0,0.0,0.0,0.0,0.0,0.0,0.0,0.0,0.0,0.0,0.0,0.0,8,1999,0.0,0,0.0,0.0,0,,0.0,0,0.0
1943025,01/09/1999,0.0,0.0,0.0,0.0,0.0,0.0,0.0,0.0,0.0,0.0,0.0,9.67,0.0,1.63,0.0,0.0,0.0,0.0,0.0,0.0,0.0,0.0,2.04,0.0,0.0,0.0,0.0,0.0,0.0,0.0,,9,1999,13.33943855024831,3,11.759080486692596,1.580358063555714,3,0.526786021185238,13.34,3,-0.0
1943025,01/10/1999,0.0,0.0,0.0,0.49,0.0,0.0,0.0,0.0,0.0,0.0,0.0,0.0,0.0,0.0,0.0,0.0,0.0,0.0,0.0,10.56,0.74,3.68,2.27,0.0,0.0,0.0,10.48,0.0,0.0,0.0,15.95,10,1999,44.186558518982885,6,40.686558518982885,3.5,5,0.7,44.17,5,0.02
1943025,01/11/1999,0.0,0.0,0.0,0.0,0.0,15.36,35.37,36.76,65.43,6.52,11.17,2.98,16.29,20.48,5.58,0.0,0.0,0.0,0.0,6.7,22.62,14.43,0.0,13.68,7.45,8.84,7.91,0.0,14.89,0.0,,11,1999,312.44167445284774,18,303.44167445284774,9.0,18,0.5,312.46,18,-0.02
1943025,01/12/1999,0.0,2.01,0.0,0.0,36.78,42.74,3.6,3.21,0.69,0.0,0.0,17.11,36.38,15.92,16.52,3.01,0.0,0.0,2.01,0.0,0.0,0.0,37.77,9.36,9.17,0.0,0.0,7.97,4.99,1.82,5.99,12,1999,257.052641885819,19,247.552641885819,9.5,18,0.5277777777777778,257.04999999999995,18,0.0
1943025,01/01/2000,6.46,31.55,13.4,9.67,0.57,0.0,0.0,0.0,0.0,0.14,0.0,0.0,0.0,0.0,0.0,49.16,3.26,3.79,0.0,13.4,40.62,72.65,0.0,0.0,2.19,60.9,10.73,22.48,35.82,8.06,5.72,1,2000,390.5895246691455,18,381.0895246691455,9.5,17,0.5588235294117647,390.57000000000005,17,0.02
1943025,01/02/2000,2.84,0.0,8.98,0.0,0.0,21.72,21.16,39.81,36.24,2.73,0.0,0.62,0.0,0.0,0.0,0.0,0.0,35.79,50.87,21.27,11.1,0.0,0.0,0.0,0.0,0.0,0.0,0.0,0.0,,,2,2000,253.11884640041688,12,247.11884640041688,6.0,11,0.5454545454545454,253.12999999999997,11,-0.01
1943025,01/03/2000,3.4,0.0,0.0,0.0,3.61,2.09,0.0,0.01,24.39,5.13,102.45,21.35,25.4,15.27,0.41,27.43,4.42,50.75,18.71,5.03,0.0,8.98,0.0,0.0,0.0,0.0,0.0,0.0,0.0,5.13,8.17,3,2000,332.1257910281798,17,322.6257910281798,9.5,17,0.5588235294117647,332.13,17,-0.0
1943025,01/04/2000,0.0,0.0,8.33,14.95,0.0,0.0,0.0,0.1,0.5,3.82,0.3,0.0,0.0,0.0,0.0,0.4,23.56,0.0,0.0,7.53,7.93,0.0,0.0,0.0,0.0,0.0,0.0,0.0,0.0,0.0,,4,2000,67.43393377898079,7,61.93393377898078,5.500000000000007,6,0.9166666666666679,67.41999999999999,6,0.01
1943025,01/05/2000,0.0,0.0,0.0,0.0,0.0,0.0,0.0,0.0,0.0,0.0,0.0,0.0,0.0,0.0,0.0,0.0,0.0,0.0,0.0,0.0,0.0,9.18,0.61,0.0,0.0,0.0,0.0,0.0,0.0,0.0,0.0,5,2000,9.791410378069358,2,8.606666786030313,1.1847435920390446,1,1.1847435920390446,9.79,1,0.0
1943025,01/06/2000,0.0,0.0,0.0,0.0,0.0,0.0,0.0,0.0,0.0,0.0,0.0,0.0,0.0,0.0,0.0,0.0,0.0,0.0,0.0,0.0,0.0,0.0,0.0,0.0,0.0,0.0,0.0,0.0,0.0,0.0,,6,2000,0.0939556195662868,0,0.0,0.0939556195662868,0,inf,0.0,0,0.09
1943025,01/07/2000,0.0,0.0,0.0,0.0,0.0,0.0,0.0,0.0,0.0,0.0,0.0,0.0,0.0,0.0,0.0,0.0,6.77,0.0,0.0,0.0,0.0,0.0,0.0,0.0,5.81,7.25,0.0,0.0,0.0,0.0,0.0,7,2000,19.838854108106105,3,18.242548991076465,1.5963051170296403,3,0.5321017056765468,19.83,3,0.01
1943025,01/08/2000,0.0,0.0,4.61,0.0,0.0,0.0,0.0,0.0,0.0,0.0,0.0,0.0,0.0,0.0,0.0,0.0,0.0,0.0,0.0,0.0,0.0,0.0,0.0,0.0,0.0,0.0,0.0,0.0,13.49,8.61,0.39,8,2000,27.09894331227629,3,25.09894331227629,2.0,3,0.6666666666666666,27.1,3,-0.0
1943025,01/09/2000,0.0,0.0,12.2,10.59,3.36,0.0,10.59,0.3,1.75,9.79,0.0,0.0,0.0,0.0,1.75,0.0,0.0,4.89,0.3,0.0,0.0,0.0,0.0,0.0,0.0,0.0,2.72,0.0,0.0,0.0,,9,2000,58.25959607789171,9,52.43816382366886,5.821432254222849,9,0.6468258060247609,58.239999999999995,9,0.02
1943025,01/10/2000,0.0,0.0,0.0,0.0,0.83,8.75,36.11,0.0,0.0,0.0,0.0,0.0,0.0,0.0,0.0,0.0,0.0,0.0,0.0,0.0,0.0,0.0,0.0,0.0,0.0,0.0,0.0,0.0,0.0,0.99,0.49,10,2000,47.17101650525564,4,44.588114894525845,2.582901610729799,2,1.2914508053648994,47.17,2,0.0
1943025,01/11/2000,0.15,0.0,0.0,4.45,2.96,54.71,17.2,24.64,3.33,0.0,0.0,6.4,5.94,19.71,6.96,30.69,9.47,7.33,0.0,52.94,15.34,0.0,0.0,0.0,0.0,0.8,13.1,40.19,28.09,26.23,,11,2000,370.6114827736787,20,359.7391960004254,10.872286773253279,19,0.5722256196449095,370.63,19,-0.02
1943025,01/12/2000,43.49,3.66,86.6,9.42,0.49,7.34,27.6,0.0,0.0,0.0,5.95,0.0,0.0,0.0,12.01,0.0,0.49,80.04,2.87,0.0,0.49,17.77,0.0,0.0,0.0,0.0,0.0,0.2,7.93,6.84,7.24,12,2000,320.4218789504066,14,310.8259300124951,9.595948937911487,14,0.6854249241365348,320.43,14,-0.01
